,name,auc,nums,reca_@precision=0.6,f1_s_@precision=0.6,thre_@precision=0.6,reca_@precision=0.65,f1_s_@precision=0.65,thre_@precision=0.65,reca_@precision=0.7,f1_s_@precision=0.7,thre_@precision=0.7,reca_@precision=0.75,f1_s_@precision=0.75,thre_@precision=0.75,reca_@precision=0.8,f1_s_@precision=0.8,thre_@precision=0.8,reca_@precision=0.85,f1_s_@precision=0.85,thre_@precision=0.85,reca_@precision=0.9,f1_s_@precision=0.9,thre_@precision=0.9,precison_bset,recall_best,thresh_best,f1_score_best
84,影视_影视剧,0.991052101,7165,0.977808793,0.743697256,0.0194369,0.973342638,0.779479155,0.029334851,0.966782973,0.812075029,0.045454573,0.958408932,0.841492556,0.073929399,0.9448709,0.866449095,0.128366321,0.926448011,0.886603446,0.238655195,0.889462666,0.894707286,0.463570982,0.886516085,0.903838102,0.379993525,0.895093296
286,运动_台球桌球,0.992510127,66,0.954545455,0.736842105,0.00212211,0.954545455,0.777777778,0.00270389,0.954545455,0.807692308,0.003584064,0.954545455,0.84,0.003994934,0.939393939,0.867132867,0.006823926,0.909090909,0.882352941,0.054748081,0.909090909,0.909090909,0.237617537,0.9375,0.909090909,0.299993456,0.923076923
22,动植物_狗,0.994726063,2851,0.969133637,0.741148069,0.018735372,0.963521571,0.776317649,0.027217302,0.956155735,0.808302446,0.042089947,0.950543669,0.838490099,0.061851718,0.940371799,0.864559819,0.102214508,0.924587864,0.885752688,0.196441054,0.897229042,0.898647462,0.369671047,0.923613661,0.882146615,0.509998668,0.902404019
100,截图录屏_聊天记录截屏录屏,0.995543671,2111,0.959734723,0.738472754,0.013394752,0.953102795,0.772954284,0.019019006,0.946470867,0.804833837,0.0283479,0.938891521,0.833999579,0.042807315,0.929891047,0.860210342,0.070290498,0.908100426,0.878149336,0.138428226,0.880625296,0.89032567,0.316209972,0.906771344,0.875414495,0.369988756,0.890817064
168,游戏_光遇,0.992584564,186,0.919354839,0.72611465,0.011714487,0.919354839,0.76169265,0.014991198,0.903225806,0.788732394,0.021346394,0.892473118,0.815724816,0.03503643,0.892473118,0.844783715,0.050333492,0.887096774,0.868421053,0.072906591,0.849462366,0.87534626,0.134183422,0.956521739,0.827956989,0.339999959,0.887608069
178,游戏_英雄联盟,0.99202087,298,0.902684564,0.721179625,0.036483336,0.895973154,0.754237288,0.044296592,0.882550336,0.781575037,0.062844045,0.882550336,0.811728395,0.080993213,0.875838926,0.836538462,0.103423364,0.865771812,0.858569052,0.157034263,0.862416107,0.881646655,0.214913577,0.917562724,0.859060403,0.259995258,0.887348354
173,游戏_我的世界,0.993883307,75,0.906666667,0.723404255,0.006713402,0.893333333,0.752808989,0.011560454,0.88,0.781065089,0.017828096,0.88,0.809815951,0.023252716,0.853333333,0.825806452,0.030509084,0.84,0.845637584,0.068805344,0.813333333,0.85915493,0.202071905,0.910447761,0.813333333,0.209864003,0.85915493
2,人物_女性,0.979015586,8277,0.936812855,0.731509434,0.059479028,0.920985864,0.76214757,0.091880091,0.900205388,0.787590508,0.143140107,0.877975112,0.808972504,0.217412114,0.848616649,0.823591487,0.335889399,0.800531594,0.824539572,0.504609346,0.736257098,0.80994152,0.717372775,0.832477378,0.822520237,0.429984961,0.827468854
289,运动_滑雪,0.99974905,16,0.875,0.717948718,0.044549257,0.875,0.756756757,0.113950931,0.875,0.777777778,0.121804081,0.875,0.823529412,0.173931628,0.875,0.848484848,0.317565441,0.875,0.875,0.429316968,0.875,0.903225806,0.48168534,1,0.875,0.586872341,0.933333333
86,影视_日本番剧,0.991272645,557,0.904847397,0.72154617,0.094195843,0.897666068,0.754147813,0.13430956,0.883303411,0.781572677,0.200146303,0.867145422,0.804329725,0.303798795,0.813285458,0.806767587,0.482718289,0.696588869,0.766041461,0.718286872,0.590664273,0.713665944,0.875327468,0.763578275,0.858168761,0.349827725,0.808114962
104,截图录屏_通讯软件截图录屏,0.989227227,2323,0.91476539,0.724761255,0.039299715,0.899698666,0.754785121,0.05643962,0.881188119,0.780255384,0.082667924,0.86310805,0.802642114,0.128787279,0.840723203,0.819899244,0.200229719,0.804132587,0.826548673,0.347322494,0.749892381,0.818224519,0.603719771,0.87014218,0.790357297,0.429874132,0.828332957
23,动植物_猫,0.991126507,896,0.910714286,0.723404255,0.06717217,0.895089286,0.753405355,0.088319674,0.871651786,0.776727996,0.124115802,0.852678571,0.798328109,0.193287358,0.8203125,0.810363837,0.317611396,0.770089286,0.808435852,0.515730917,0.6953125,0.784634761,0.773974836,0.815555556,0.819196429,0.349987784,0.817371938
32,商业场所_健身房,0.999396619,201,0.925373134,0.727984344,0.078479163,0.895522388,0.754716981,0.131141216,0.865671642,0.775055679,0.195159331,0.850746269,0.797202797,0.263799399,0.781094527,0.79093199,0.437093288,0.641791045,0.732954545,0.727839649,0.577114428,0.705167173,0.86357367,0.792270531,0.815920398,0.389940212,0.803921569
81,影视_动画片,0.985760302,2403,0.898044112,0.719453242,0.059150077,0.885559717,0.74982382,0.082112737,0.868497711,0.77526003,0.118369825,0.848938826,0.796408354,0.17428036,0.823970037,0.811808118,0.25739646,0.790678319,0.819318672,0.400350958,0.748647524,0.817541468,0.568750262,0.860539552,0.783187682,0.429989493,0.820043573
175,游戏_王者荣耀,0.981231199,471,0.855626327,0.705779335,0.036505226,0.851380042,0.737810488,0.048768222,0.8492569,0.767754319,0.05921891,0.847133758,0.795613161,0.079410762,0.838641189,0.819502075,0.107614271,0.834394904,0.84244373,0.144975632,0.817409766,0.857461024,0.212957785,0.936430318,0.813163482,0.319995843,0.870454545
218,秀身材_秀颜值,0.976297643,8732,0.927622538,0.728679381,0.065124735,0.908153917,0.757691573,0.10301394,0.879065506,0.779408032,0.166906938,0.846770499,0.795481442,0.263496786,0.80897847,0.804464184,0.397160381,0.743701328,0.793305644,0.585747838,0.668460834,0.767168299,0.774972379,0.816660775,0.793747137,0.44998794,0.805040943
11,兴趣爱好_鉴宝,0.994606287,500,0.896,0.719101124,0.071818151,0.884,0.749152542,0.101021908,0.87,0.776092774,0.141242847,0.84,0.79245283,0.241910204,0.812,0.806355511,0.393477708,0.76,0.802534319,0.647011757,0.65,0.754936121,0.877663374,0.843817787,0.778,0.589978689,0.809573361
287,运动_拳击,0.99477104,144,0.902777778,0.722222222,0.032865256,0.868055556,0.744047619,0.057620429,0.861111111,0.77258567,0.089652203,0.833333333,0.789473684,0.158005148,0.784722222,0.792982456,0.285018235,0.673611111,0.751937984,0.674720705,0.416666667,0.571428571,0.910843015,0.834586466,0.770833333,0.449680013,0.801444043
116,教程解说_解说,0.985343854,3410,0.893255132,0.717888287,0.071212396,0.873607038,0.745402227,0.101612344,0.851319648,0.768294297,0.140720814,0.823753666,0.785185185,0.195158973,0.784164223,0.792061611,0.286971271,0.709677419,0.773533642,0.454529822,0.58856305,0.711702128,0.672324181,0.793296089,0.791202346,0.269635447,0.792247834
19,动植物_宠物鼠,0.98759575,171,0.877192982,0.712589074,0.042758595,0.865497076,0.743718593,0.061588559,0.859649123,0.771653543,0.085279204,0.81871345,0.784313725,0.149218842,0.795321637,0.797653959,0.236807659,0.730994152,0.786163522,0.430278629,0.625730994,0.740484429,0.62977165,0.819277108,0.795321637,0.279965488,0.807121662
21,动植物_牛羊猪,0.990290159,383,0.864229765,0.708779443,0.050324935,0.845953003,0.735527809,0.073275931,0.830287206,0.759856631,0.107106388,0.81462141,0.78097622,0.175233871,0.793733681,0.796854522,0.253818691,0.744125326,0.793871866,0.38699016,0.624020888,0.737654321,0.766640365,0.837142857,0.765013055,0.339993961,0.799454297
297,运动场_足球场,0.988900749,138,0.847826087,0.702702703,0.062999159,0.847826087,0.735849057,0.088459261,0.847826087,0.767213115,0.149737298,0.811594203,0.780487805,0.236093029,0.775362319,0.789667897,0.339238226,0.702898551,0.76984127,0.493295491,0.608695652,0.727272727,0.836405873,0.789855072,0.789855072,0.319797688,0.789855072
229,美食_美食分享,0.990041872,2284,0.895796848,0.718651212,0.096843712,0.877408056,0.746785914,0.147768736,0.841943958,0.764460346,0.23030062,0.807355517,0.777730915,0.324750781,0.754816112,0.776751521,0.46173197,0.682136602,0.757045675,0.638118923,0.580122592,0.705537806,0.806707919,0.777584709,0.783712785,0.389989372,0.78063672
253,职业身份_运动员,0.991537134,371,0.854447439,0.705228031,0.100989901,0.832884097,0.730496454,0.126776412,0.819407008,0.755279503,0.160419464,0.803234501,0.776041667,0.217834413,0.778975741,0.789617486,0.344217211,0.74393531,0.794244604,0.493420124,0.660377358,0.762052877,0.718460798,0.857142857,0.74393531,0.509906403,0.796536797
292,运动_足球,0.988980171,151,0.834437086,0.698060942,0.104456171,0.82781457,0.728862974,0.129955456,0.82781457,0.759878419,0.156089962,0.801324503,0.775641026,0.225643247,0.774834437,0.787878788,0.277955711,0.761589404,0.804195804,0.407907754,0.629139073,0.7421875,0.737954795,0.846715328,0.768211921,0.389742832,0.805555556
296,运动场_篮球场,0.996829402,211,0.867298578,0.709302326,0.084022328,0.82464455,0.728033473,0.154921755,0.796208531,0.745011086,0.276843667,0.777251185,0.764568765,0.372203141,0.739336493,0.768472906,0.554988563,0.687203791,0.761154856,0.790193796,0.597156398,0.717948718,0.934716642,0.816753927,0.739336493,0.579974763,0.776119403
112,搞笑_搞笑集锦,0.988693304,1490,0.836241611,0.69882221,0.098739594,0.819463087,0.725059382,0.127879485,0.799328859,0.746474459,0.181383252,0.765771812,0.757887745,0.25634253,0.720134228,0.75803603,0.361296743,0.675838926,0.753178758,0.503277957,0.575167785,0.701883702,0.73827672,0.778636683,0.743624161,0.309983115,0.760727772
171,游戏_和平精英,0.997411044,145,0.793103448,0.68452381,0.075396098,0.772413793,0.706624606,0.102023125,0.75862069,0.728476821,0.129196644,0.75862069,0.756013746,0.164743945,0.751724138,0.775800712,0.223981544,0.731034483,0.788104089,0.295410246,0.648275862,0.75502008,0.498778701,0.838461538,0.751724138,0.259556733,0.792727273
170,游戏_原神,0.990765338,178,0.803370787,0.6875,0.058899686,0.786516854,0.712468193,0.074616238,0.769662921,0.73458445,0.103430547,0.741573034,0.745762712,0.144608021,0.702247191,0.748502994,0.218486741,0.685393258,0.760124611,0.265584052,0.662921348,0.763754045,0.35489583,0.871428571,0.685393258,0.309979601,0.767295597
300,音乐_演奏,0.987256786,481,0.794178794,0.683974933,0.094458364,0.783783784,0.71065033,0.122597396,0.752598753,0.725450902,0.180402264,0.727650728,0.739176346,0.233192459,0.659043659,0.722919042,0.424443632,0.592515593,0.698529412,0.616711974,0.542619543,0.677042802,0.80665648,0.763676149,0.725571726,0.259999599,0.744136461
156,机械载具_挖掘机,0.994272444,110,0.8,0.6875,0.079637744,0.763636364,0.70292887,0.124939531,0.736363636,0.72,0.172203779,0.727272727,0.740740741,0.214096248,0.663636364,0.726368159,0.334536374,0.472727273,0.608187135,0.795143783,0.327272727,0.48,0.943398416,0.759615385,0.718181818,0.239937444,0.738317757
99,截图录屏_短视频软件截图录屏,0.972354498,1794,0.786510591,0.680820265,0.11899396,0.759197324,0.70043713,0.163812608,0.740245262,0.719588187,0.214585349,0.711259755,0.73018598,0.275701642,0.68729097,0.739430285,0.366494268,0.638795987,0.729471674,0.51833123,0.568004459,0.696514012,0.707168519,0.794249201,0.692865106,0.34999839,0.740101221
290,运动_篮球,0.992456966,186,0.833333333,0.698198198,0.257361203,0.795698925,0.716707022,0.384958953,0.73655914,0.719160105,0.588260174,0.709677419,0.729281768,0.690493524,0.672043011,0.730994152,0.821328938,0.650537634,0.737804878,0.890410185,0.446236559,0.597122302,0.975560546,0.793939394,0.704301075,0.769810773,0.746438746
228,美食_水果,0.983325298,486,0.767489712,0.673893406,0.089505672,0.734567901,0.689855072,0.126858935,0.720164609,0.709939148,0.170471221,0.699588477,0.724174654,0.236147895,0.681069959,0.736373749,0.308275878,0.598765432,0.702898551,0.503889978,0.518518519,0.657963446,0.730464578,0.800970874,0.679012346,0.3099789,0.734966592
27,动植物_野生哺乳动物,0.987150141,442,0.769230769,0.674603175,0.138009548,0.744343891,0.694092827,0.192773789,0.7239819,0.711902113,0.262092441,0.687782805,0.717827627,0.357354909,0.617647059,0.697318008,0.561449051,0.552036199,0.669410151,0.699484527,0.42760181,0.579754601,0.869484186,0.735362998,0.71040724,0.309904401,0.722669735
65,室外_夜景,0.982975857,2497,0.814177012,0.690909091,0.129622266,0.773327994,0.70642034,0.198670119,0.730877052,0.715125392,0.286617786,0.68722467,0.717241379,0.407204479,0.598718462,0.684994273,0.592070401,0.488185823,0.620198423,0.77434355,0.311173408,0.4625,0.930367887,0.736886278,0.703243893,0.369901575,0.719672131
288,运动_滑板轮滑,0.980972024,110,0.718181818,0.65560166,0.126486197,0.690909091,0.672566372,0.18029204,0.690909091,0.697247706,0.204403415,0.681818182,0.714285714,0.289896727,0.654545455,0.72,0.404120058,0.581818182,0.691891892,0.543176055,0.536363636,0.674285714,0.640642166,0.808988764,0.654545455,0.429998308,0.72361809
183,特殊节日_生日,0.976875511,286,0.762237762,0.671802773,0.042548817,0.755244755,0.699029126,0.064630538,0.723776224,0.712564544,0.107083566,0.681818182,0.714285714,0.175930619,0.541958042,0.647181628,0.505019367,0.461538462,0.598639456,0.773107946,0.377622378,0.532019704,0.922863424,0.720848057,0.713286713,0.129998519,0.717047452
97,截图录屏_监控截图录屏,0.987844898,801,0.787765293,0.681425486,0.118417747,0.764044944,0.702640643,0.16203177,0.729088639,0.714373089,0.239394352,0.68164794,0.714192283,0.351710677,0.620474407,0.699015471,0.524260044,0.528089888,0.651771957,0.73180896,0.383270911,0.53765324,0.898838878,0.737532808,0.701622971,0.31998909,0.719129878
264,自然_江河湖海,0.989965041,1100,0.801818182,0.686381323,0.172074273,0.776363636,0.707832574,0.256628752,0.726363636,0.71307452,0.390464216,0.680909091,0.714013346,0.520966768,0.598181818,0.684703434,0.712678075,0.51,0.6375,0.839071929,0.363636364,0.518134715,0.928751707,0.709188225,0.722727273,0.409713736,0.715893742
157,机械载具_摩托车,0.992820252,312,0.775641026,0.676923077,0.24051787,0.740384615,0.692653673,0.348849416,0.711538462,0.705882353,0.460831255,0.673076923,0.709459459,0.574084222,0.608974359,0.692167577,0.729317844,0.544871795,0.6640625,0.842341542,0.445512821,0.596566524,0.937540829,0.759124088,0.666666667,0.59994092,0.709897611
177,游戏_绝地求生,0.983510952,109,0.733944954,0.661157025,0.193863034,0.71559633,0.681222707,0.256369978,0.697247706,0.700460829,0.439703643,0.669724771,0.708737864,0.53381145,0.660550459,0.72361809,0.571683228,0.642201835,0.732984293,0.725606143,0.596330275,0.718232044,0.809005201,0.8625,0.633027523,0.75995316,0.73015873
3,人物_小孩,0.96734582,2450,0.751428571,0.66727075,0.129280895,0.723265306,0.684698609,0.172588393,0.699183673,0.699612007,0.227270529,0.668979592,0.707227616,0.301168621,0.630204082,0.705022831,0.412180305,0.58,0.689638437,0.566136122,0.515102041,0.655244029,0.741936803,0.748743719,0.668979592,0.29998846,0.706617806
167,游戏_CF,0.995066065,72,0.708333333,0.649681529,0.140591949,0.708333333,0.68,0.165382534,0.694444444,0.699300699,0.186911225,0.666666667,0.705882353,0.266379356,0.652777778,0.723076923,0.355020583,0.638888889,0.73015873,0.432588696,0.430555556,0.58490566,0.841519892,0.867924528,0.638888889,0.449832684,0.736
199,生活_直播,0.980956541,911,0.742041712,0.663721159,0.098993026,0.724478595,0.685358255,0.128390595,0.69154775,0.695748205,0.181040213,0.658616905,0.701344243,0.249938205,0.603732162,0.688360451,0.387804538,0.532381998,0.654962863,0.549908102,0.450054885,0.600292826,0.743038595,0.756345178,0.654226125,0.269989894,0.70158917
26,动植物_观赏鱼龟,0.991372401,148,0.797297297,0.686046512,0.108639888,0.736486486,0.692063492,0.152964339,0.709459459,0.704697987,0.197024718,0.655405405,0.700361011,0.308674693,0.621621622,0.699619772,0.41178605,0.554054054,0.672131148,0.630652785,0.5,0.643478261,0.73670435,0.73381295,0.689189189,0.239989876,0.710801394
164,校园_教室,0.992389061,691,0.769898698,0.674698795,0.158690065,0.751085384,0.697112156,0.224018991,0.722141823,0.711332858,0.329962164,0.646888567,0.694638695,0.485669851,0.584659913,0.675585284,0.632225692,0.405209841,0.549019608,0.879060328,0.09406657,0.170380079,0.989924252,0.732415902,0.693198263,0.389980846,0.712267658
283,载具内_汽车内,0.988002189,1003,0.798604187,0.685201027,0.140575647,0.7666999,0.703568161,0.195520133,0.716849452,0.708374384,0.289985001,0.646061815,0.694161757,0.427919388,0.590229312,0.679288583,0.561387777,0.508474576,0.636306925,0.726870775,0.354935194,0.509298999,0.893709362,0.679708826,0.744765703,0.239977284,0.710751665
28,动植物_野生禽类,0.986818881,350,0.748571429,0.666666667,0.08794111,0.72,0.68385346,0.139368609,0.671428571,0.686131387,0.228323564,0.64,0.691358025,0.308782339,0.6,0.68627451,0.472319841,0.508571429,0.636851521,0.784390509,0.377142857,0.532258065,0.935878754,0.751677852,0.64,0.309997821,0.691358025
36,商业场所_理发店,0.994554552,83,0.710843373,0.651933702,0.10856583,0.686746988,0.670588235,0.166763917,0.65060241,0.675,0.247535944,0.626506024,0.684210526,0.423090219,0.518072289,0.632352941,0.593711615,0.445783133,0.587301587,0.705062389,0,0,0.989206791,0.746478873,0.638554217,0.346222377,0.688311688
29,动植物_鸡鸭鹅,0.98576249,239,0.69874477,0.646034816,0.100525491,0.677824268,0.663934426,0.134665906,0.644351464,0.671023965,0.207086489,0.619246862,0.678899083,0.289079666,0.589958159,0.679518072,0.381703228,0.556485356,0.673417722,0.501540899,0.506276151,0.648793566,0.628720641,0.777777778,0.615062762,0.309983112,0.686915888
174,游戏_桌游卡牌,0.983974852,28,0.714285714,0.655737705,0.395520508,0.714285714,0.689655172,0.411139041,0.642857143,0.679245283,0.540285885,0.607142857,0.68,0.615368843,0.607142857,0.693877551,0.754753709,0.535714286,0.666666667,0.895041764,0.5,0.651162791,0.954561234,0.80952381,0.607142857,0.759988041,0.693877551
134,明星名人_明星,0.958143387,3267,0.719008264,0.654135338,0.237310141,0.676767677,0.663167367,0.314484984,0.644015917,0.670918367,0.398750037,0.601469238,0.667572618,0.487782091,0.526782981,0.635289775,0.622424901,0.445974901,0.585023088,0.752726912,0.29476584,0.444085774,0.897087634,0.732780382,0.621977349,0.449782587,0.672847682
230,美食_美食制作,0.991660072,1035,0.798067633,0.685192866,0.19678323,0.74589372,0.694869487,0.305994958,0.680193237,0.690196078,0.450962275,0.6,0.666666667,0.625564039,0.515942029,0.627497062,0.76977849,0.409661836,0.553163731,0.870584905,0.282125604,0.429727741,0.941464186,0.660869565,0.734299517,0.329872173,0.695652174
31,占卜_星座,0.997379931,20,0.7,0.651162791,0.15399909,0.65,0.65,0.162172481,0.6,0.648648649,0.256250679,0.6,0.666666667,0.27879411,0.45,0.580645161,0.347117484,0.45,0.6,0.356248885,0.45,0.6,0.356248885,0.75,0.6,0.279977837,0.666666667
291,运动_羽毛球,0.985010254,20,0.6,0.6,0.057331804,0.6,0.631578947,0.080007598,0.6,0.648648649,0.080903672,0.6,0.666666667,0.115328781,0.45,0.580645161,0.434867144,0.4,0.551724138,0.729535758,0.4,0.571428571,0.785936177,0.75,0.6,0.11906446,0.666666667
160,机械载具_自行车,0.984084085,189,0.71957672,0.655421687,0.139898896,0.687830688,0.668380463,0.174881637,0.613756614,0.655367232,0.280067295,0.597883598,0.666666667,0.366820663,0.566137566,0.664596273,0.514674485,0.544973545,0.664516129,0.607952178,0.497354497,0.641638225,0.766062617,0.767123288,0.592592593,0.399921393,0.668656716
131,时尚_纹身展示,0.961420755,37,0.675675676,0.641025641,0.082844757,0.675675676,0.666666667,0.103261873,0.594594595,0.647058824,0.133187875,0.594594595,0.666666667,0.152407795,0.540540541,0.64516129,0.256791472,0.540540541,0.666666667,0.32012859,0.486486486,0.631578947,0.652880907,0.657894737,0.675675676,0.109993378,0.666666667
258,自然_农田,0.991356271,200,0.69,0.641860465,0.200481847,0.66,0.655086849,0.250896573,0.65,0.675324675,0.301497608,0.59,0.661064426,0.426435709,0.555,0.656804734,0.546192706,0.485,0.617834395,0.676673293,0.205,0.334693878,0.959521055,0.712707182,0.645,0.319816876,0.677165354
102,截图录屏_购物软件截图录屏,0.989490243,169,0.674556213,0.635097493,0.171429917,0.644970414,0.648809524,0.223851651,0.615384615,0.65615142,0.264040589,0.585798817,0.657807309,0.337322563,0.526627219,0.635714286,0.46386835,0.514792899,0.642066421,0.490972221,0.461538462,0.611764706,0.638818562,0.755725191,0.585798817,0.338807311,0.66
270,资源站_小说网文,0.984070946,303,0.666666667,0.632237872,0.13914451,0.627062706,0.638655462,0.170989752,0.603960396,0.64893617,0.217715725,0.584158416,0.6567718,0.272333711,0.564356436,0.662790698,0.334608167,0.495049505,0.626304802,0.555843115,0.478547855,0.625,0.644408584,0.784753363,0.577557756,0.308337943,0.66539924
149,服饰配饰_手表,0.892685043,24,0.666666667,0.64,0.054999001,0.625,0.638297872,0.11270798,0.583333333,0.636363636,0.139378011,0.583333333,0.666666667,0.282889068,0.583333333,0.682926829,0.411738634,0.583333333,0.7,0.591494501,0.541666667,0.684210526,0.745531023,0.875,0.583333333,0.599906087,0.7
299,音乐_唱歌,0.97452916,1942,0.707518023,0.649338374,0.195037529,0.675592173,0.662626263,0.252156943,0.631822863,0.66432052,0.334613025,0.582904222,0.656041727,0.432903469,0.515962925,0.627426425,0.557533443,0.41915551,0.561572956,0.728975713,0.301235839,0.451388889,0.876225948,0.69205114,0.641091658,0.319949233,0.665597434
282,载具内_地铁内,0.996532433,95,0.642105263,0.62244898,0.200238824,0.621052632,0.637837838,0.254593402,0.578947368,0.63583815,0.356817871,0.578947368,0.654761905,0.41467762,0.568421053,0.666666667,0.434773743,0.442105263,0.583333333,0.742877185,0.368421053,0.526315789,0.821629405,0.828125,0.557894737,0.469476779,0.666666667
169,游戏_其他,0.978725549,946,0.699788584,0.646168863,0.324626416,0.66384778,0.656903766,0.397797585,0.619450317,0.657319125,0.489388943,0.577167019,0.652329749,0.618865669,0.523255814,0.632992327,0.730176747,0.464059197,0.600547196,0.82238239,0.419661734,0.572458544,0.907361031,0.663471778,0.658562368,0.4199947,0.661007958
179,漫画_漫画,0.989469777,106,0.650943396,0.624434389,0.144657627,0.650943396,0.650943396,0.158157349,0.58490566,0.639175258,0.28143692,0.575471698,0.652406417,0.31700334,0.528301887,0.636363636,0.456245005,0.377358491,0.522875817,0.656294823,0.349056604,0.503401361,0.676938772,0.75308642,0.575471698,0.324817806,0.652406417
261,自然_日出日落,0.992249887,231,0.753246753,0.667946257,0.139611125,0.696969697,0.673640167,0.219621375,0.632034632,0.665148064,0.310736567,0.558441558,0.640198511,0.472966731,0.493506494,0.611260054,0.613640308,0.476190476,0.611111111,0.686302483,0.281385281,0.429042904,0.904221356,0.63878327,0.727272727,0.17986854,0.680161943
251,职业身份_消防员,0.987768702,320,0.65625,0.626865672,0.111942887,0.640625,0.645669291,0.151681095,0.609375,0.652173913,0.217689291,0.55625,0.639138241,0.294695675,0.484375,0.604288499,0.46213007,0.3625,0.50877193,0.765042067,0.296875,0.447058824,0.876978338,0.686206897,0.621875,0.189970397,0.652459016
109,搞笑_其他,0.903227634,15118,0.786016669,0.680525728,0.267922401,0.725426644,0.685651766,0.358917207,0.646381797,0.672123255,0.47294721,0.555629051,0.638346379,0.596949875,0.444106363,0.571161208,0.723893762,0.311747586,0.456199787,0.842167675,0.15835428,0.269321633,0.936890781,0.646615663,0.732372007,0.349927031,0.686827332
66,室外_工地,0.989495544,237,0.670886076,0.633466135,0.158665076,0.628691983,0.639484979,0.213517144,0.594936709,0.643835616,0.30607155,0.548523207,0.634146341,0.417004108,0.417721519,0.55,0.663712382,0.358649789,0.504451039,0.750372767,0.270042194,0.415584416,0.8555246,0.685185185,0.624472574,0.249911547,0.653421634
252,职业身份_程序员,0.972345384,143,0.636363636,0.619047619,0.032499198,0.615384615,0.633093525,0.036944695,0.594405594,0.643939394,0.044216417,0.545454545,0.631578947,0.05434145,0.524475524,0.63559322,0.067760944,0.503496503,0.634361233,0.087978624,0.405594406,0.560386473,0.121360123,0.669230769,0.608391608,0.039600489,0.637362637
295,运动场_其他,0.989268167,517,0.6827853,0.638914027,0.16952388,0.624758221,0.637709773,0.241988584,0.599613153,0.646506778,0.316887766,0.545454545,0.631578947,0.428859025,0.470019342,0.592682927,0.599687994,0.375241779,0.520805369,0.760010421,0.295938104,0.445414847,0.848853171,0.701357466,0.599613153,0.319178677,0.646506778
256,聚众场合_毕业,0.991133636,231,0.632034632,0.616033755,0.117307425,0.619047619,0.634146341,0.140870824,0.571428571,0.630071599,0.22215116,0.545454545,0.631578947,0.255842656,0.45021645,0.576177285,0.438962162,0.411255411,0.555555556,0.646813869,0.341991342,0.496855346,0.829235792,0.69,0.597402597,0.189995968,0.64037123
96,截图录屏_最右截图录屏,0.976949065,228,0.592105263,0.59602649,0.218202695,0.578947368,0.612529002,0.263760448,0.565789474,0.626213592,0.306122482,0.539473684,0.62755102,0.353029609,0.50877193,0.621983914,0.423124671,0.478070175,0.612359551,0.553529203,0.447368421,0.598240469,0.660120249,0.715083799,0.561403509,0.309766594,0.628992629
233,考试_学历提升,0.969713395,15,0.6,0.6,0.06072576,0.533333333,0.592592593,0.114895038,0.533333333,0.615384615,0.156397149,0.533333333,0.64,0.349075764,0.533333333,0.64,0.349075764,0.533333333,0.666666667,0.406274647,0.4,0.571428571,0.529662609,0.888888889,0.533333333,0.406333771,0.666666667
152,服饰配饰_首饰饰品,0.981316517,375,0.669333333,0.633039092,0.161543071,0.632,0.641407307,0.217972338,0.602666667,0.648493544,0.282216102,0.522666667,0.616352201,0.424611628,0.448,0.574358974,0.57434833,0.392,0.537477148,0.699734747,0.266666667,0.411522634,0.882605553,0.692771084,0.613333333,0.269801982,0.650636492
161,机械载具_飞机,0.994857998,104,0.730769231,0.660869565,0.259309322,0.663461538,0.657142857,0.425634623,0.653846154,0.676616915,0.539969623,0.519230769,0.613636364,0.69003582,0.346153846,0.483221477,0.842179298,0.326923077,0.472222222,0.888654709,0.288461538,0.437956204,0.911689758,0.744444444,0.644230769,0.579459142,0.690721649
294,运动_钓鱼,0.988936636,147,0.578231293,0.590277778,0.202464461,0.557823129,0.600732601,0.230158821,0.551020408,0.618320611,0.256605923,0.517006803,0.612903226,0.348227501,0.462585034,0.586206897,0.523914397,0.394557823,0.539534884,0.704314232,0.326530612,0.48,0.844697237,0.716814159,0.551020408,0.289898846,0.623076923
20,动植物_昆虫,0.972969388,356,0.620786517,0.610497238,0.124041282,0.584269663,0.615384615,0.173040733,0.556179775,0.620689655,0.225499094,0.516853933,0.612312812,0.338055134,0.429775281,0.559414991,0.52363348,0.306179775,0.450413223,0.800376296,0.252808989,0.394736842,0.873982549,0.724907063,0.547752809,0.249761272,0.624
129,时尚_健身美体,0.978335394,493,0.620689655,0.610169492,0.263207972,0.588235294,0.617678381,0.348765761,0.553752535,0.618346546,0.431128383,0.515212982,0.611311673,0.51056093,0.478701826,0.598984772,0.598011017,0.403651116,0.547455296,0.760504484,0.277890467,0.424806202,0.915445328,0.709424084,0.54969574,0.439722974,0.619428571
47,娱乐_综艺节目,0.979616066,938,0.656716418,0.627291242,0.197079763,0.608742004,0.628854626,0.256441414,0.545842217,0.613541043,0.329422712,0.508528785,0.606099111,0.404967993,0.402985075,0.536170213,0.549407125,0.298507463,0.44198895,0.724423826,0.194029851,0.319298246,0.858333826,0.635294118,0.63326226,0.22991569,0.634276562
145,最右特色玩法_求资源,0.972022567,986,0.618661258,0.609390609,0.188987449,0.596348884,0.622222222,0.222901657,0.562880325,0.624296963,0.273361593,0.50811359,0.605804111,0.350133926,0.444219067,0.571428571,0.446006507,0.352941176,0.498924731,0.599274695,0.283975659,0.431765613,0.738920271,0.678486998,0.582150101,0.24938505,0.626637555
189,特殊风格_自拍特效,0.963478064,1609,0.612181479,0.606153846,0.195216343,0.568676196,0.606763926,0.25490728,0.527035426,0.60141844,0.314505517,0.496581728,0.597606582,0.38513723,0.435674332,0.564185111,0.499876469,0.37228092,0.517942067,0.658890128,0.297700435,0.447454461,0.808834732,0.63172043,0.584213797,0.229945874,0.60703907
48,娱乐_街访,0.990901836,135,0.592592593,0.597014925,0.24874115,0.57037037,0.608695652,0.320281565,0.548148148,0.616666667,0.429588884,0.496296296,0.598214286,0.524176478,0.474074074,0.595348837,0.610359013,0.362962963,0.510416667,0.814204335,0.088888889,0.162162162,0.990310371,0.6875,0.57037037,0.379784623,0.623481781
213,社会关系_暧昧异性,0.97271071,626,0.615015974,0.607734807,0.160079062,0.597444089,0.622814321,0.200528041,0.552715655,0.617857143,0.259721994,0.49201278,0.594594595,0.353069335,0.423322684,0.553814002,0.479240268,0.303514377,0.447585395,0.676790535,0.143769968,0.247933884,0.837513685,0.673469388,0.579872204,0.219889819,0.623175966
151,服饰配饰_鞋子,0.971007111,122,0.590163934,0.595041322,0.120051734,0.557377049,0.601769912,0.171389595,0.5,0.583732057,0.265524566,0.491803279,0.594059406,0.349360436,0.467213115,0.590673575,0.482830703,0.442622951,0.583783784,0.653826058,0.409836066,0.564971751,0.769718528,0.663366337,0.549180328,0.179977428,0.600896861
46,娱乐_相声小品,0.981831378,51,0.607843137,0.607843137,0.160376206,0.529411765,0.586956522,0.217495129,0.490196078,0.581395349,0.297782689,0.490196078,0.595238095,0.331741959,0.470588235,0.592592593,0.362547994,0.411764706,0.56,0.498110533,0.411764706,0.567567568,0.525205851,0.78125,0.490196078,0.339654897,0.602409639
241,职业身份_军人,0.971113061,385,0.644155844,0.621553885,0.215754241,0.594805195,0.621438263,0.291376293,0.568831169,0.628407461,0.379861176,0.483116883,0.587677725,0.576235414,0.397402597,0.53125,0.721705854,0.106493506,0.189376443,0.9594087,0,0,0.997343361,0.679640719,0.58961039,0.319149876,0.631432545
204,生活_骑行,0.986709893,591,0.637901861,0.618539787,0.335185319,0.600676819,0.624450308,0.42840603,0.543147208,0.612011439,0.545462072,0.482233503,0.587023687,0.660311222,0.407783418,0.540358744,0.788782299,0.326565144,0.471882641,0.882099092,0.140439932,0.243045388,0.976062596,0.642477876,0.614213198,0.40978634,0.628027682
135,明星名人_社会名人,0.961427758,856,0.559579439,0.579201935,0.230585754,0.537383178,0.588611644,0.288522363,0.512850467,0.592043156,0.358768046,0.481308411,0.586476868,0.431763917,0.431074766,0.560364465,0.560747027,0.36682243,0.512653061,0.698520124,0.255841121,0.398544131,0.873846292,0.673105498,0.529205607,0.309897008,0.592544147
138,最右特色玩法_取名,0.911283309,25,0.52,0.565217391,0.11740116,0.48,0.558139535,0.127511114,0.48,0.571428571,0.134020865,0.48,0.585365854,0.141065463,0.28,0.424242424,0.253407806,0.28,0.424242424,0.253407806,0.24,0.387096774,0.382971942,0.705882353,0.48,0.13886673,0.571428571
255,聚众场合_婚礼,0.985434242,244,0.614754098,0.607287449,0.143307284,0.569672131,0.608315098,0.214813977,0.545081967,0.612903226,0.270719439,0.479508197,0.585,0.434116781,0.463114754,0.587012987,0.516682565,0.426229508,0.568306011,0.632189631,0.368852459,0.523255814,0.789294958,0.676470588,0.56557377,0.239937015,0.616071429
125,教育教学_职场技能-视频作图软件教学,0.970042322,65,0.523076923,0.561983471,0.091772974,0.523076923,0.581196581,0.102763988,0.476923077,0.568807339,0.142420441,0.476923077,0.58490566,0.172058284,0.430769231,0.56,0.252283037,0.4,0.547368421,0.294136047,0.4,0.559139785,0.339922041,0.756097561,0.476923077,0.179398778,0.58490566
49,娱乐场所_KTV,0.990066364,70,0.671428571,0.635135135,0.129247516,0.557142857,0.6,0.221615747,0.485714286,0.576271186,0.34316799,0.471428571,0.578947368,0.379657298,0.457142857,0.581818182,0.471493155,0.357142857,0.505050505,0.704201639,0.028571429,0.055555556,0.991252363,0.602564103,0.671428571,0.129883996,0.635135135
265,舞蹈_跳舞,0.975497019,1575,0.64952381,0.623780488,0.318209469,0.593650794,0.620643877,0.425130069,0.525079365,0.600145138,0.535210431,0.460952381,0.570979158,0.643718183,0.373333333,0.509090909,0.777229071,0.252063492,0.388834476,0.891873658,0.091428571,0.165994236,0.978801727,0.601176471,0.648888889,0.319820271,0.624122137
115,教程解说_教程,0.980080201,486,0.551440329,0.575107296,0.262921095,0.510288066,0.572087659,0.347595483,0.481481481,0.570731707,0.426870763,0.450617284,0.562982005,0.499386102,0.368312757,0.50493653,0.649323881,0.29218107,0.434915773,0.813200295,0.20781893,0.337792642,0.894481361,0.571428571,0.592592593,0.209574841,0.581818182
69,室外_烟花,0.982249293,67,0.47761194,0.533333333,0.284229457,0.462686567,0.543859649,0.366420716,0.462686567,0.558558559,0.391745508,0.447761194,0.560747664,0.487008184,0.432835821,0.563106796,0.646910667,0.432835821,0.574257426,0.675985098,0.417910448,0.571428571,0.798202753,0.878787879,0.432835821,0.689889532,0.58
165,校园_网课,0.98651294,41,0.536585366,0.571428571,0.182254091,0.512195122,0.575342466,0.256356835,0.512195122,0.591549296,0.281588465,0.43902439,0.553846154,0.389229357,0.390243902,0.524590164,0.523658574,0.365853659,0.517241379,0.711528361,0.341463415,0.5,0.726292849,0.677419355,0.512195122,0.269925054,0.583333333
144,最右特色玩法_求祝福,0.99025842,23,0.652173913,0.625,0.218810633,0.652173913,0.652173913,0.243229523,0.47826087,0.578947368,0.317480862,0.434782609,0.555555556,0.389962643,0.391304348,0.529411765,0.448562384,0.304347826,0.451612903,0.532932878,0.304347826,0.466666667,0.585624218,0.625,0.652173913,0.230682209,0.638297872
216,秀身材_秀肌肉,0.989718624,202,0.623762376,0.611650485,0.317121923,0.534653465,0.586956522,0.451511741,0.50990099,0.59025788,0.558690846,0.430693069,0.547169811,0.72105211,0.297029703,0.433212996,0.882362962,0.237623762,0.372093023,0.921075761,0.222772277,0.357142857,0.933814406,0.582608696,0.663366337,0.269864978,0.62037037
285,载具内_飞机内,0.993880094,59,0.610169492,0.605042017,0.179478168,0.559322034,0.605504587,0.300301671,0.508474576,0.594059406,0.416825652,0.423728814,0.543478261,0.566507399,0.305084746,0.444444444,0.758621454,0.305084746,0.45,0.820090592,0.220338983,0.356164384,0.926574945,0.641509434,0.576271186,0.289406024,0.607142857
17,动植物_其他,0.976693686,942,0.553078556,0.575690608,0.416821748,0.503184713,0.567324955,0.524950802,0.458598726,0.554201411,0.602291286,0.423566879,0.541383989,0.688080251,0.372611465,0.508695652,0.777659118,0.285562633,0.427662957,0.870012045,0.232484076,0.369620253,0.915096164,0.579003181,0.579617834,0.369873559,0.579310345
85,影视_战争,0.994380481,269,0.568773234,0.583969466,0.317414582,0.535315985,0.587755102,0.412107646,0.464684015,0.559284116,0.553191781,0.412639405,0.532374101,0.637266338,0.364312268,0.501278772,0.751737356,0.237918216,0.372093023,0.852328122,0.078066914,0.143835616,0.956627488,0.590405904,0.594795539,0.299362385,0.592592593
82,影视_古装,0.993481322,820,0.832926829,0.697650664,0.240253434,0.765853659,0.70324748,0.381798565,0.652439024,0.675505051,0.568607986,0.409756098,0.529968454,0.776467323,0.215853659,0.340057637,0.893396795,0.025609756,0.049763033,0.969527841,0.014634146,0.028811525,0.97556293,0.652806653,0.765853659,0.386013785,0.704826038
54,季节天气_雪天,0.976835554,69,0.434782609,0.504201681,0.707297027,0.434782609,0.52173913,0.7508443,0.434782609,0.540540541,0.761440277,0.405797101,0.528301887,0.810953557,0.202898551,0.325581395,0.94365567,0.173913043,0.289156627,0.960823596,0.173913043,0.292682927,0.970885754,0.580645161,0.52173913,0.619133002,0.549618321
68,室外_游乐场,0.991343512,111,0.513513514,0.553398058,0.29776746,0.486486486,0.556701031,0.384812057,0.432432432,0.536312849,0.482204407,0.405405405,0.526315789,0.535538077,0.342342342,0.481012658,0.704869151,0.306306306,0.450331126,0.797611833,0.252252252,0.394366197,0.885746062,0.570175439,0.585585586,0.2399577,0.577777778
45,娱乐_情景短剧,0.969215704,1957,0.575881451,0.587744459,0.349896282,0.533469596,0.586023014,0.436905354,0.482881962,0.571514968,0.52615118,0.403679101,0.524916944,0.652773499,0.322943281,0.460138333,0.745124459,0.263668881,0.4024961,0.825214148,0.162493613,0.275324675,0.9244771,0.53255627,0.677056719,0.219782209,0.596175478
70,小众人群_外国人,0.958880609,1878,0.583067093,0.591412368,0.316722989,0.544195953,0.592463768,0.394019514,0.493077742,0.57875,0.49670285,0.403088392,0.524419813,0.658712506,0.317891374,0.455030488,0.790972769,0.235889244,0.36932055,0.888200045,0.165601704,0.279802069,0.944045603,0.637628554,0.561235357,0.369921733,0.596998018
193,玩具_其他,0.958800353,728,0.51510989,0.554323725,0.2634947,0.472527473,0.547334924,0.334742069,0.445054945,0.544537815,0.402673006,0.396978022,0.519317161,0.502461672,0.364010989,0.500472144,0.588883519,0.256868132,0.394514768,0.782969475,0.203296703,0.331838565,0.876387179,0.648994516,0.487637363,0.31994713,0.556862745
15,办公场所_工厂,0.984307357,225,0.635555556,0.617710583,0.24478738,0.608888889,0.629885057,0.30082503,0.537777778,0.609571788,0.461724699,0.391111111,0.514619883,0.761546493,0.346666667,0.48447205,0.846541822,0.284444444,0.426666667,0.917439103,0.16,0.271698113,0.96559149,0.660194175,0.604444444,0.319724655,0.631090487
4,人物_男性,0.940675159,5036,0.598093725,0.599045346,0.354265481,0.519658459,0.577576694,0.490409404,0.465647339,0.559265442,0.596996725,0.386616362,0.510220126,0.723593831,0.311159651,0.44809837,0.832677007,0.231334392,0.363721511,0.911732197,0.164416203,0.278038952,0.954186678,0.563977747,0.644162033,0.279837717,0.601408973
146,服饰配饰_包,0.969215876,26,0.384615385,0.476190476,0.179146662,0.384615385,0.487804878,0.190598667,0.384615385,0.5,0.232033089,0.384615385,0.512820513,0.251561105,0.346153846,0.486486486,0.298313051,0.269230769,0.411764706,0.512661994,0.269230769,0.424242424,0.554381907,0.769230769,0.384615385,0.259655156,0.512820513
25,动植物_蛇鼠蜥蜴鳄鱼,0.962710545,198,0.474747475,0.531073446,0.275934756,0.45959596,0.538461538,0.329610705,0.398989899,0.509677419,0.494898915,0.383838384,0.508361204,0.541411281,0.338383838,0.476868327,0.676905692,0.257575758,0.395348837,0.900479734,0.227272727,0.362903226,0.965983093,0.65,0.45959596,0.32999347,0.538461538
158,机械载具_汽车,0.98459697,502,0.523904382,0.559574468,0.485036105,0.470119522,0.54566474,0.574696004,0.440239044,0.541003672,0.634302795,0.380478088,0.505291005,0.7096138,0.348605578,0.486111111,0.776610196,0.288844622,0.431547619,0.841506481,0.209163347,0.339805825,0.907060504,0.546617916,0.59561753,0.369601005,0.57006673
118,教育教学_知识点解题-医学,0.990454448,61,0.426229508,0.5,0.214337468,0.409836066,0.505050505,0.223835126,0.393442623,0.505263158,0.243451774,0.37704918,0.505494505,0.285650402,0.37704918,0.516853933,0.334299535,0.37704918,0.522727273,0.366886854,0.37704918,0.534883721,0.387653768,0.958333333,0.37704918,0.434003815,0.541176471
148,服饰配饰_手机壳,0.995244549,24,0.5,0.545454545,0.023878586,0.458333333,0.55,0.051538989,0.458333333,0.564102564,0.051692206,0.375,0.5,0.060923766,0.375,0.514285714,0.065266386,0.333333333,0.484848485,0.071252912,0.291666667,0.451612903,0.145345271,0.631578947,0.5,0.040726033,0.558139535
163,校园_宿舍,0.969652678,738,0.5,0.545454545,0.284352064,0.455284553,0.535885167,0.362718821,0.41598916,0.522108844,0.445388407,0.372628726,0.498188406,0.550760746,0.327913279,0.465384615,0.669456363,0.284552846,0.426395939,0.804947555,0.142276423,0.245901639,0.962992013,0.586726998,0.527100271,0.249953409,0.55531763
136,明星名人_网红KOL,0.940543688,1800,0.469444444,0.52680798,0.318947911,0.439444444,0.524535809,0.381941468,0.405,0.513199578,0.46134153,0.372222222,0.497586335,0.549523056,0.330555556,0.467951239,0.649879873,0.269444444,0.4092827,0.771944463,0.2,0.327272727,0.885219753,0.600995733,0.469444444,0.319896173,0.527136619
53,季节天气_雨天,0.970838146,419,0.479713604,0.533156499,0.246260971,0.443914081,0.527659574,0.30495441,0.400954654,0.509863429,0.369214475,0.367541766,0.493589744,0.448456675,0.338902148,0.476510067,0.537758708,0.286396181,0.428571429,0.659040928,0.195704057,0.321568627,0.858421564,0.578804348,0.508353222,0.219625689,0.541296061
246,职业身份_安保人员,0.966831188,93,0.419354839,0.493670886,0.113643765,0.397849462,0.496644295,0.156192139,0.387096774,0.5,0.184238672,0.365591398,0.492753623,0.221764088,0.35483871,0.492537313,0.280010164,0.344086022,0.492307692,0.333371639,0.322580645,0.476190476,0.399339914,0.672727273,0.397849462,0.169298855,0.5
78,工作_求职,0.964311926,52,0.403846154,0.482758621,0.192564234,0.403846154,0.5,0.231025249,0.403846154,0.512195122,0.269519836,0.365384615,0.493506494,0.310150892,0.192307692,0.3125,0.706814647,0.192307692,0.317460317,0.728060424,0.192307692,0.317460317,0.728060424,0.7,0.403846154,0.271543786,0.512195122
38,商业场所_路边摊,0.98662432,623,0.597110754,0.598551891,0.279927164,0.529695024,0.584070796,0.397275299,0.443017657,0.542772861,0.561302364,0.357945425,0.484782609,0.717987657,0.248796148,0.379901961,0.856270134,0.194221509,0.316339869,0.914176285,0.017656501,0.034645669,0.99568969,0.575581395,0.635634029,0.229861073,0.604118993
83,影视_国产动漫,0.984412531,146,0.410958904,0.487804878,0.433573842,0.404109589,0.5,0.518842161,0.376712329,0.491071429,0.608701587,0.356164384,0.48372093,0.724340379,0.301369863,0.437810945,0.808690548,0.294520548,0.43877551,0.845081687,0.212328767,0.344444444,0.930602789,0.655555556,0.404109589,0.51932705,0.5
64,室外_城市街道,0.971451273,2487,0.564133494,0.581554404,0.465462238,0.490148774,0.558917928,0.581299782,0.420184962,0.525257602,0.677125037,0.351829513,0.479058308,0.754047453,0.246481705,0.376882877,0.849427104,0.169280257,0.282360832,0.913028955,0.088057901,0.16043956,0.959528744,0.597803126,0.568958585,0.459691712,0.58302431
103,截图录屏_运动软件截图录屏,0.973448378,43,0.395348837,0.478873239,0.234179482,0.372093023,0.47761194,0.263578892,0.348837209,0.46875,0.333294302,0.348837209,0.476190476,0.345112205,0.325581395,0.466666667,0.438895971,0.279069767,0.421052632,0.54426825,0.255813953,0.4,0.632549167,0.578947368,0.511627907,0.156428604,0.543209877
208,社会关系_兄弟姐妹,0.96267814,292,0.551369863,0.575,0.209161848,0.448630137,0.531440162,0.350429803,0.356164384,0.472727273,0.509441137,0.339041096,0.466981132,0.579298019,0.328767123,0.466019417,0.60335362,0.318493151,0.463840399,0.636819005,0.22260274,0.357142857,0.740480602,0.562091503,0.589041096,0.168093536,0.575250836
6,兴趣爱好_书法,0.981471344,68,0.352941176,0.444444444,0.420361638,0.338235294,0.446601942,0.471909165,0.338235294,0.46,0.503727674,0.338235294,0.469387755,0.567906022,0.338235294,0.479166667,0.585668743,0.338235294,0.484210526,0.612582564,0.308823529,0.461538462,0.668654084,0.851851852,0.338235294,0.621430315,0.484210526
120,教育教学_知识点解题-法律,0.963862339,83,0.397590361,0.47826087,0.315194637,0.397590361,0.496240602,0.365308493,0.397590361,0.507692308,0.37597242,0.337349398,0.466666667,0.535357952,0.301204819,0.438596491,0.622575104,0.289156627,0.432432432,0.698718846,0.265060241,0.411214953,0.709587634,0.70212766,0.397590361,0.382096362,0.507692308
231,美食_酒水饮料,0.971930255,525,0.518095238,0.556237219,0.368065268,0.441904762,0.526674234,0.512750804,0.386666667,0.498159509,0.604750991,0.327619048,0.456233422,0.693202555,0.238095238,0.367107195,0.819032729,0.220952381,0.350983359,0.852590203,0.060952381,0.114285714,0.972760379,0.576064909,0.540952381,0.319202042,0.557956778
221,科技_数码产品-电脑,0.974692079,141,0.453900709,0.518218623,0.37665984,0.425531915,0.515021459,0.432849705,0.404255319,0.513513514,0.489518583,0.326241135,0.455445545,0.583074033,0.312056738,0.448979592,0.621678889,0.234042553,0.368715084,0.767286479,0.234042553,0.372881356,0.786350191,0.633663366,0.453900709,0.388994945,0.52892562
16,动植物_兔貂,0.991332071,40,0.375,0.461538462,0.127118215,0.375,0.476190476,0.133627743,0.35,0.466666667,0.25416556,0.325,0.456140351,0.316175878,0.325,0.464285714,0.346262157,0.3,0.444444444,0.502643883,0.3,0.452830189,0.526311815,0.652173913,0.375,0.139715348,0.476190476
37,商业场所_超市,0.98614831,124,0.5,0.546255507,0.412830561,0.379032258,0.479591837,0.598492086,0.338709677,0.456521739,0.655044019,0.322580645,0.451977401,0.697568774,0.080645161,0.147058824,0.938299835,0.072580645,0.134328358,0.943140328,0.072580645,0.134328358,0.943140328,0.514084507,0.588709677,0.238959117,0.54887218
34,商业场所_商场,0.989299105,140,0.378571429,0.464912281,0.339458972,0.371428571,0.472727273,0.36207357,0.35,0.466666667,0.430884153,0.321428571,0.45,0.483657837,0.128571429,0.222222222,0.81493926,0.121428571,0.2125,0.835505426,0.042857143,0.082191781,0.957669377,0.658227848,0.371428571,0.365191209,0.474885845
176,游戏_线下游戏,0.956359073,271,0.394833948,0.476614699,0.298351318,0.383763838,0.482598608,0.355958343,0.332103321,0.45112782,0.437730044,0.32103321,0.449612403,0.508581936,0.273062731,0.407713499,0.675298572,0.195571956,0.318318318,0.812824428,0.173431734,0.291021672,0.869373381,0.65,0.383763838,0.358728549,0.482598608
111,搞笑_搞笑配音,0.952226378,395,0.394936709,0.476335878,0.319703847,0.37721519,0.477564103,0.361767113,0.35443038,0.470588235,0.423349172,0.318987342,0.447602131,0.532167196,0.255696203,0.387715931,0.69740206,0.073417722,0.135198135,0.945970178,0.030379747,0.058823529,0.971861303,0.682242991,0.369620253,0.398144813,0.479474548
202,生活_购物,0.978255277,393,0.567430025,0.583769634,0.225038156,0.534351145,0.586592179,0.287502021,0.440203562,0.540625,0.424390763,0.312977099,0.441651706,0.621949852,0.264631043,0.397705545,0.703035772,0.155216285,0.262931034,0.831052721,0.114503817,0.203160271,0.879987001,0.644578313,0.544529262,0.27620895,0.590344828
133,时尚_美妆护肤,0.972248499,202,0.445544554,0.511363636,0.259486139,0.420792079,0.512048193,0.344946504,0.405940594,0.514106583,0.410816491,0.311881188,0.440559441,0.576938748,0.301980198,0.438848921,0.680801332,0.178217822,0.295081967,0.921636999,0.168316832,0.284518828,0.950469911,0.697478992,0.410891089,0.399551989,0.517133956
101,截图录屏_行车记录仪截图录屏,0.992927894,155,0.483870968,0.535714286,0.272860974,0.393548387,0.491935484,0.442084104,0.329032258,0.449339207,0.551619232,0.309677419,0.438356164,0.584464371,0.283870968,0.419047619,0.627756298,0.225806452,0.357142857,0.731998384,0.193548387,0.319148936,0.761790335,0.621848739,0.477419355,0.308286181,0.540145985
147,服饰配饰_女装,0.98032702,244,0.467213115,0.525345622,0.249206185,0.430327869,0.518518519,0.311909974,0.393442623,0.503937008,0.377960145,0.307377049,0.436046512,0.516414225,0.163934426,0.272108844,0.726326466,0.143442623,0.245614035,0.787011445,0.077868852,0.143396226,0.909561396,0.540425532,0.520491803,0.178783007,0.530271399
90,情感_爱情,0.946041256,2429,0.499382462,0.545168539,0.335151643,0.446685879,0.529526598,0.427070796,0.396459448,0.506309148,0.513681889,0.303828736,0.432464108,0.658304274,0.197612186,0.316936283,0.800967515,0.117743928,0.206871609,0.892007947,0.018526142,0.036304962,0.981208086,0.516643059,0.600658707,0.209225807,0.5554921
293,运动_跑步,0.982347508,89,0.404494382,0.483221477,0.407048315,0.382022472,0.482269504,0.520208836,0.348314607,0.466165414,0.637756109,0.303370787,0.432,0.732788146,0.08988764,0.161616162,0.94287318,0.08988764,0.163265306,0.951788187,0.08988764,0.164948454,0.958093226,0.489361702,0.516853933,0.159099503,0.50273224
8,兴趣爱好_手工,0.979501,397,0.471032746,0.528248588,0.401298374,0.445843829,0.529147982,0.476434231,0.385390428,0.497560976,0.607968926,0.302267003,0.430879713,0.737606585,0.206549118,0.328657315,0.859663248,0.143576826,0.245689655,0.922151327,0.108312343,0.193693694,0.958166301,0.590643275,0.508816121,0.358028945,0.546684709
172,游戏_奇迹暖暖,0.996008087,10,0.3,0.4,0.494690359,0.3,0.428571429,0.622856617,0.3,0.428571429,0.622856617,0.3,0.428571429,0.622856617,0.2,0.333333333,0.649556696,0.2,0.333333333,0.649556696,0.2,0.333333333,0.649556696,0.333333333,0.5,0.149731531,0.4
205,疫情_疫情,0.940651696,622,0.384244373,0.468627451,0.272812068,0.347266881,0.452830189,0.341685146,0.318327974,0.438053097,0.414798826,0.297427653,0.426267281,0.473746359,0.265273312,0.398550725,0.543721974,0.220257235,0.349936143,0.672396958,0.073954984,0.136701337,0.947862983,0.548902196,0.442122186,0.199945625,0.489759573
207,知识科普_知识科普,0.966210542,1651,0.534221684,0.56520346,0.370096773,0.44579043,0.52892562,0.487980545,0.394306481,0.504455637,0.575168014,0.291944276,0.420593368,0.709959209,0.155057541,0.259766616,0.876034915,0.069049061,0.127731092,0.958258808,0.050272562,0.095238095,0.969489992,0.528776978,0.623258631,0.249693484,0.572143453
239,职业身份_公检法,0.975225595,370,0.42972973,0.500787402,0.471996874,0.389189189,0.487309645,0.569950521,0.308108108,0.428571429,0.67119348,0.283783784,0.411764706,0.722844422,0.186486486,0.302631579,0.845716834,0.167567568,0.280542986,0.868496418,0.148648649,0.255220418,0.897392869,0.635245902,0.418918919,0.516791923,0.504885993
166,校园_食堂,0.98433809,53,0.358490566,0.452380952,0.240054131,0.301886792,0.415584416,0.301226467,0.283018868,0.405405405,0.405982941,0.283018868,0.410958904,0.410902053,0.264150943,0.4,0.469153285,0.264150943,0.405797101,0.500888824,0.264150943,0.411764706,0.510753214,0.633333333,0.358490566,0.246102941,0.457831325
268,资源站_壁纸,0.980201135,131,0.404580153,0.484018265,0.175221369,0.328244275,0.436548223,0.251448363,0.290076336,0.410810811,0.368094534,0.282442748,0.411111111,0.389790863,0.221374046,0.347305389,0.530614555,0.198473282,0.322981366,0.591702521,0.160305344,0.272727273,0.698517561,0.572916667,0.419847328,0.15999527,0.484581498
284,载具内_火车内,0.987546123,68,0.441176471,0.508474576,0.282199442,0.411764706,0.504504505,0.328050733,0.308823529,0.428571429,0.458273888,0.279411765,0.408602151,0.5155195,0.073529412,0.135135135,0.899081349,0.044117647,0.084507042,0.945506155,0.044117647,0.084507042,0.945506155,0.58490566,0.455882353,0.271688011,0.512396694
132,时尚_美发美甲,0.962377668,248,0.379032258,0.465346535,0.432193965,0.362903226,0.466321244,0.508378088,0.322580645,0.44198895,0.644939661,0.278225806,0.405882353,0.775274932,0.241935484,0.371517028,0.848838031,0.237903226,0.372239748,0.864370286,0.197580645,0.324503311,0.923093438,0.568306011,0.419354839,0.319954913,0.482598608
24,动植物_花束,0.981123495,265,0.494339623,0.542443064,0.177055001,0.41509434,0.506912442,0.324347436,0.301886792,0.422163588,0.551736712,0.271698113,0.398891967,0.669161856,0.181132075,0.295384615,0.916905522,0.166037736,0.278481013,0.942654431,0.162264151,0.275641026,0.951359987,0.620853081,0.494339623,0.199967742,0.550420168
272,资源站_歌单歌词,0.973177421,266,0.398496241,0.479638009,0.329932868,0.34962406,0.454767726,0.448620528,0.308270677,0.428198433,0.518662632,0.270676692,0.397790055,0.585190594,0.218045113,0.343195266,0.724489927,0.135338346,0.233766234,0.88582772,0.12406015,0.218543046,0.920354009,0.524590164,0.481203008,0.199840534,0.501960784
276,资讯_国际资讯,0.981852513,315,0.428571429,0.5,0.398839891,0.396825397,0.493096647,0.478927612,0.326984127,0.445887446,0.600749493,0.266666667,0.393442623,0.697676957,0.253968254,0.385542169,0.721352994,0.168253968,0.281167109,0.83975482,0.120634921,0.212885154,0.925355017,0.504643963,0.517460317,0.269097394,0.510971787
237,考试_驾考,0.972721188,49,0.265306122,0.371428571,0.235908285,0.265306122,0.376811594,0.25085628,0.265306122,0.388059701,0.283560485,0.265306122,0.393939394,0.357599854,0.265306122,0.4,0.362916976,0.265306122,0.40625,0.367508233,0.244897959,0.387096774,0.457216948,0.866666667,0.265306122,0.377365787,0.40625
150,服饰配饰_男装,0.972551053,83,0.361445783,0.45112782,0.305925459,0.289156627,0.403361345,0.428395331,0.277108434,0.4,0.481780887,0.265060241,0.392857143,0.518776655,0.060240964,0.112359551,0.934544384,0.036144578,0.069767442,0.966607571,0.036144578,0.069767442,0.966607571,0.589285714,0.397590361,0.259884964,0.474820144
87,影视_科幻,0.98675027,231,0.402597403,0.481865285,0.53950125,0.346320346,0.451977401,0.646713793,0.29004329,0.411042945,0.741798401,0.25974026,0.38585209,0.812648952,0.155844156,0.260869565,0.915392637,0.108225108,0.192307692,0.943337381,0.103896104,0.186770428,0.950951755,0.476923077,0.536796537,0.279673274,0.50509165
43,四坑_汉服,0.98160601,166,0.457831325,0.520547945,0.350174487,0.415662651,0.507352941,0.450746447,0.295180723,0.415254237,0.631767511,0.253012048,0.378378378,0.733136773,0.228915663,0.356807512,0.784904599,0.174698795,0.29,0.857062757,0.078313253,0.144444444,0.949802697,0.529761905,0.536144578,0.219697587,0.532934132
185,特殊风格_二次元,0.977717148,179,0.363128492,0.452961672,0.37198633,0.335195531,0.442804428,0.435978025,0.301675978,0.421875,0.507716775,0.251396648,0.376569038,0.585190952,0.223463687,0.349344978,0.625479639,0.217877095,0.348214286,0.656685472,0.106145251,0.19,0.849118829,0.527950311,0.474860335,0.246884645,0.5
56,室内_卫生间,0.971063715,213,0.291079812,0.392405063,0.602217853,0.272300469,0.38410596,0.659020543,0.262910798,0.38225256,0.684879482,0.248826291,0.374558304,0.758128762,0.230046948,0.357664234,0.843768656,0.187793427,0.307692308,0.893966675,0.17370892,0.291338583,0.925700068,0.447488584,0.460093897,0.259922019,0.453703704
257,聚众场合_音乐会演唱会,0.99546836,282,0.429078014,0.501035197,0.420232445,0.379432624,0.479820628,0.499594539,0.29787234,0.417910448,0.593673348,0.244680851,0.368983957,0.672665834,0.191489362,0.309455587,0.769362986,0.138297872,0.23853211,0.854719698,0.046099291,0.087837838,0.943713725,0.488888889,0.70212766,0.158521462,0.576419214
212,社会关系_情侣夫妻,0.929241358,2480,0.385080645,0.469172194,0.417471886,0.331854839,0.439402029,0.513265133,0.284677419,0.404816514,0.59656024,0.241935484,0.365853659,0.684673071,0.167741935,0.277333333,0.808588862,0.106451613,0.189247312,0.902454317,0.050806452,0.096183206,0.962748885,0.482972136,0.503225806,0.239950858,0.492890995
80,影视_其他,0.951596679,1156,0.443771626,0.510193933,0.269192547,0.35467128,0.45912654,0.383978635,0.307958478,0.427884615,0.456436157,0.241349481,0.365183246,0.542235315,0.187716263,0.304134548,0.63115418,0.118512111,0.208048595,0.728785753,0.087370242,0.159305994,0.795024633,0.534330986,0.525086505,0.194161205,0.529668412
154,机械载具_其他,0.975007943,439,0.359908884,0.45014245,0.513058782,0.298405467,0.409375,0.613447845,0.257403189,0.376666667,0.685209692,0.239179954,0.362694301,0.732522011,0.123006834,0.213438735,0.87368089,0.054669704,0.102783726,0.961659729,0.043280182,0.082608696,0.969594181,0.497797357,0.514806378,0.278756347,0.506159015
5,人物_老人,0.954237925,693,0.341991342,0.435661765,0.378851116,0.32034632,0.429400387,0.423788995,0.25974026,0.378947368,0.549652934,0.235209235,0.358241758,0.613514185,0.176046176,0.288757396,0.72814852,0.141414141,0.242574257,0.807940841,0.095238095,0.17232376,0.900247037,0.485271318,0.451659452,0.209929905,0.467862481
10,兴趣爱好_绘画,0.94229635,234,0.367521368,0.456233422,0.350082278,0.35042735,0.455555556,0.401936352,0.264957265,0.385093168,0.653605759,0.235042735,0.358306189,0.756186485,0.188034188,0.30449827,0.846945763,0.136752137,0.236162362,0.917376876,0.051282051,0.097165992,0.980185628,0.573248408,0.384615385,0.279357113,0.460358056
242,职业身份_医护人员,0.974619448,361,0.470914127,0.527950311,0.391491532,0.387811634,0.486111111,0.570002615,0.326869806,0.446124764,0.673986137,0.232686981,0.355179704,0.790624261,0.188365651,0.304932735,0.836714268,0,0,0.99081856,0,0,0.99081856,0.55890411,0.565096953,0.24770464,0.561983471
254,聚众场合_多人聚餐,0.989273102,156,0.435897436,0.505576208,0.312391758,0.314102564,0.424242424,0.44151628,0.307692308,0.428571429,0.48723489,0.230769231,0.352941176,0.650607884,0.153846154,0.258064516,0.762720823,0.108974359,0.193181818,0.840883613,0.102564103,0.184971098,0.866361797,0.508982036,0.544871795,0.197814488,0.526315789
220,科技_数码产品-手机,0.970595444,226,0.340707965,0.435028249,0.69328469,0.336283186,0.444444444,0.74775368,0.296460177,0.417445483,0.812065244,0.230088496,0.352542373,0.888009191,0.17699115,0.289855072,0.952639043,0.119469027,0.210116732,0.97824508,0.088495575,0.161290323,0.988328695,0.49122807,0.495575221,0.369548232,0.49339207
40,四坑_JK,0.985690456,183,0.431693989,0.503184713,0.339716792,0.415300546,0.508361204,0.389171243,0.387978142,0.5,0.447265774,0.229508197,0.351464435,0.706124902,0.180327869,0.294642857,0.805417836,0.12568306,0.219047619,0.860707283,0.109289617,0.195121951,0.904982746,0.644628099,0.426229508,0.379751374,0.513157895
250,职业身份_教师,0.978702716,328,0.420731707,0.494623656,0.372636616,0.347560976,0.453280318,0.538832068,0.283536585,0.404347826,0.671062827,0.225609756,0.34741784,0.767906547,0.216463415,0.341346154,0.794455528,0.106707317,0.189701897,0.900555015,0.097560976,0.17630854,0.916147768,0.618834081,0.420731707,0.399822403,0.500907441
201,生活_节食减肥,0.971024615,147,0.462585034,0.523076923,0.114313111,0.408163265,0.50209205,0.195443481,0.306122449,0.426540284,0.341600358,0.217687075,0.338624339,0.546671808,0.12244898,0.213017751,0.760571182,0.115646259,0.203592814,0.761869013,0.081632653,0.15,0.915453494,0.54,0.551020408,0.059769723,0.545454545
262,自然_朝霞晚霞,0.989083864,130,0.369230769,0.457142857,0.482031673,0.261538462,0.373626374,0.672739625,0.261538462,0.382022472,0.69986999,0.215384615,0.335329341,0.801931202,0.2,0.320987654,0.823608935,0.184615385,0.303797468,0.855560243,0.146153846,0.251655629,0.899721742,0.443113772,0.569230769,0.157732267,0.498316498
93,截图录屏_外卖软件截图录屏,0.989827091,28,0.357142857,0.454545455,0.293210357,0.25,0.368421053,0.43312484,0.25,0.368421053,0.43312484,0.214285714,0.333333333,0.470551074,0.178571429,0.294117647,0.586437404,0.035714286,0.068965517,0.891790152,0.035714286,0.068965517,0.891790152,0.555555556,0.535714286,0.154103274,0.545454545
124,教育教学_职场技能-编程语言教学,0.973922032,42,0.214285714,0.315789474,0.369020611,0.214285714,0.327272727,0.394505829,0.214285714,0.333333333,0.414823949,0.214285714,0.333333333,0.414823949,0.166666667,0.28,0.556857705,0.166666667,0.28,0.556857705,0.119047619,0.212765957,0.589105666,0.375,0.357142857,0.130816704,0.365853659
245,职业身份_学生,0.955507159,1754,0.46009122,0.520813166,0.401095062,0.385404789,0.483894059,0.535562515,0.301596351,0.421681945,0.706992447,0.201824401,0.318059299,0.843977273,0.12713797,0.219488189,0.923658669,0.021094641,0.041179744,0.990489364,0.00627138,0.012457531,0.996047437,0.512948207,0.58722919,0.229807213,0.547581074
244,职业身份_外卖快递,0.960089094,179,0.229050279,0.331983806,0.360978276,0.212290503,0.320675105,0.406115919,0.206703911,0.32034632,0.443381041,0.201117318,0.317180617,0.460169792,0.173184358,0.285714286,0.557848632,0.173184358,0.288372093,0.574467897,0.117318436,0.207920792,0.750755608,0.452554745,0.346368715,0.165327204,0.392405063
121,教育教学_知识点解题-英语,0.909700829,25,0.32,0.421052632,0.115307152,0.32,0.432432432,0.156176463,0.2,0.3125,0.255453527,0.2,0.322580645,0.434659123,0.2,0.322580645,0.434659123,0.08,0.148148148,0.678794622,0.08,0.148148148,0.678794622,0.615384615,0.32,0.123153341,0.421052632
130,时尚_时尚穿搭,0.980525072,77,0.311688312,0.41025641,0.354007751,0.194805195,0.3,0.524373531,0.194805195,0.309278351,0.611609042,0.194805195,0.309278351,0.611609042,0.155844156,0.260869565,0.737060666,0.103896104,0.186046512,0.816832304,0,0,0.98351109,0.553571429,0.402597403,0.245877773,0.466165414
107,手办_其他,0.980833009,31,0.193548387,0.292682927,0.68517673,0.193548387,0.3,0.690954149,0.193548387,0.307692308,0.709385633,0.193548387,0.307692308,0.709385633,0.161290323,0.27027027,0.748501658,0.096774194,0.176470588,0.870249569,0.096774194,0.176470588,0.870249569,0.358974359,0.451612903,0.197122473,0.4
222,科技_数码产品-相机,0.949653151,16,0.25,0.363636364,0.236597285,0.25,0.363636364,0.236597285,0.1875,0.3,0.463305026,0.1875,0.3,0.463305026,0.1875,0.315789474,0.537040949,0.1875,0.315789474,0.537040949,0.1875,0.315789474,0.537040949,0.473684211,0.5625,0.027294658,0.514285714
227,美食_小零食,0.963628714,445,0.33258427,0.428364689,0.415874094,0.276404494,0.388012618,0.493054003,0.204494382,0.316521739,0.614829004,0.184269663,0.296028881,0.697211623,0.098876404,0.176,0.870011449,0,0,0.993969679,0,0,0.993969679,0.4933687,0.417977528,0.288251217,0.452554745
266,财经_彩票竞彩,0.949216223,38,0.210526316,0.31372549,0.045406081,0.210526316,0.32,0.054328915,0.210526316,0.326530612,0.058079977,0.184210526,0.29787234,0.099468119,0.157894737,0.266666667,0.105208375,0.157894737,0.266666667,0.105208375,0.131578947,0.23255814,0.142844766,0.727272727,0.210526316,0.06027257,0.326530612
224,科技_智能硬件-耳机,0.983076869,17,0.176470588,0.272727273,0.366562098,0.176470588,0.285714286,0.409634471,0.176470588,0.285714286,0.409634471,0.176470588,0.285714286,0.409634471,0.176470588,0.3,0.457660019,0.176470588,0.3,0.457660019,0.176470588,0.3,0.457660019,0.411764706,0.411764706,0.145720654,0.411764706
41,四坑_cosplay,0.961616378,295,0.274576271,0.376744186,0.448913753,0.227118644,0.336683417,0.572082162,0.203389831,0.315789474,0.649075091,0.172881356,0.280991736,0.702946484,0.149152542,0.251428571,0.759126067,0.091525424,0.165644172,0.874156415,0.013559322,0.026755853,0.977692008,0.430107527,0.406779661,0.19823637,0.418118467
74,工作_合同,0.976105814,6,0.166666667,0.285714286,0.042302638,0.166666667,0.285714286,0.042302638,0.166666667,0.285714286,0.042302638,0.166666667,0.285714286,0.042302638,0.166666667,0.285714286,0.042302638,0.166666667,0.285714286,0.042302638,0.166666667,0.285714286,0.042302638,1,0.166666667,0.042700926,0.285714286
76,工作_工作广告,0.986414797,6,0.166666667,0.285714286,0.288062841,0.166666667,0.285714286,0.288062841,0.166666667,0.285714286,0.288062841,0.166666667,0.285714286,0.288062841,0.166666667,0.285714286,0.288062841,0.166666667,0.285714286,0.288062841,0.166666667,0.285714286,0.288062841,0.4,0.333333333,0.078951466,0.363636364
259,自然_天空,0.99187324,151,0.298013245,0.398230088,0.498396188,0.258278146,0.369668246,0.597175777,0.185430464,0.293193717,0.733906984,0.165562914,0.27173913,0.776283145,0.145695364,0.247191011,0.842106879,0.139072848,0.24,0.86185348,0.139072848,0.24137931,0.893699646,0.355855856,0.523178808,0.17657631,0.423592493
162,校园_其他,0.974789378,770,0.381818182,0.466666667,0.409371316,0.28961039,0.400718778,0.554992497,0.224675325,0.340216323,0.667906225,0.154545455,0.256465517,0.788836896,0.124675325,0.215730337,0.848138988,0.074025974,0.136200717,0.92963016,0.015584416,0.030651341,0.985430956,0.48854041,0.525974026,0.199506934,0.506566604
219,科技_家电,0.95624687,55,0.145454545,0.235294118,0.40121001,0.145454545,0.23880597,0.429255098,0.145454545,0.242424242,0.445259631,0.145454545,0.246153846,0.474935442,0.145454545,0.246153846,0.474935442,0.127272727,0.222222222,0.524752378,0.109090909,0.196721311,0.590788722,0.481481481,0.236363636,0.197105265,0.317073171
35,商业场所_宾馆酒店,0.935083408,49,0.183673469,0.28125,0.384257644,0.142857143,0.237288136,0.482564062,0.142857143,0.237288136,0.482564062,0.142857143,0.24137931,0.50247097,0.102040816,0.181818182,0.596947789,0.020408163,0.04,0.949568629,0.020408163,0.04,0.949568629,0.46875,0.306122449,0.154958649,0.37037037
275,资源站_表情包,0.9719977,49,0.163265306,0.258064516,0.228482619,0.142857143,0.237288136,0.299940616,0.142857143,0.237288136,0.299940616,0.142857143,0.24137931,0.305052906,0.020408163,0.04,0.680633426,0.020408163,0.04,0.680633426,0.020408163,0.04,0.680633426,0.448275862,0.265306122,0.137191266,0.333333333
39,商业场所_饭店,0.978477049,449,0.367483296,0.455801105,0.561482847,0.28285078,0.394409938,0.688939035,0.178173719,0.284191829,0.80142045,0.140311804,0.236397749,0.854435086,0.062360802,0.115702479,0.961560845,0.026726058,0.051835853,0.985780776,0.008908686,0.017660044,0.994194448,0.564841499,0.436525612,0.458938041,0.492462312
61,室外_农村街道院落,0.976192275,1147,0.435919791,0.505050505,0.444088876,0.37576286,0.476243094,0.538504362,0.268526591,0.388153749,0.682769895,0.139494333,0.235294118,0.833276868,0.088055798,0.158680283,0.907800019,0.015693112,0.030821918,0.977840841,0.005231037,0.010407632,0.991841197,0.533905579,0.54228422,0.299174614,0.538062284
217,秀身材_秀腰臀腿,0.974682599,509,0.359528487,0.44963145,0.485999167,0.306483301,0.416555407,0.574552834,0.208251473,0.321212121,0.707782388,0.139489194,0.235489221,0.81955725,0.080550098,0.146428571,0.902471125,0.023575639,0.045889101,0.951975048,0.023575639,0.045977011,0.953019679,0.430906389,0.569744597,0.188751716,0.490693739
12,兴趣爱好_魔术,0.952070326,73,0.369863014,0.457627119,0.146464109,0.315068493,0.425925926,0.279684544,0.136986301,0.229885057,0.587607503,0.136986301,0.23255814,0.592996597,0.136986301,0.235294118,0.624358296,0.123287671,0.21686747,0.686302245,0.123287671,0.21686747,0.686302245,0.574468085,0.369863014,0.145994353,0.45
50,娱乐场所_夜店迪厅,0.997625522,47,0.319148936,0.416666667,0.680464566,0.234042553,0.349206349,0.866854548,0.170212766,0.275862069,0.884038925,0.127659574,0.218181818,0.920775771,0.106382979,0.188679245,0.933389008,0.063829787,0.12,0.964414001,0.063829787,0.12,0.964414001,0.395604396,0.765957447,0.108722103,0.52173913
279,资讯_社会新闻-负向,0.974642861,1231,0.335499594,0.430432517,0.46393463,0.274573517,0.386065106,0.570223212,0.197400487,0.307984791,0.683120787,0.125101543,0.21448468,0.792463422,0.064987815,0.120210368,0.875346005,0.024370431,0.047393365,0.938393593,0.011372868,0.02247191,0.960808992,0.466881029,0.589764419,0.177832861,0.521177315
214,社会关系_父母长辈,0.952521841,1027,0.315481986,0.413793103,0.411441892,0.215189873,0.323335772,0.585997224,0.154819864,0.253588517,0.727735639,0.120740019,0.208053691,0.806508303,0.025316456,0.049102927,0.97678417,0.025316456,0.049195837,0.978274822,0.00097371,0.001945525,0.997076154,0.445081184,0.453748783,0.199595748,0.449373192
33,商业场所_咖啡奶茶店,0.991117572,61,0.163934426,0.25974026,0.301626652,0.147540984,0.243243243,0.334540069,0.131147541,0.222222222,0.367972463,0.114754098,0.2,0.4811939,0.114754098,0.202898551,0.487987757,0.114754098,0.202898551,0.487987757,0.114754098,0.205882353,0.516123176,0.328358209,0.360655738,0.076976861,0.34375
44,娱乐_娱乐八卦,0.972857458,273,0.172161172,0.267806268,0.615763187,0.157509158,0.253687316,0.657910228,0.128205128,0.216718266,0.696917236,0.10989011,0.191693291,0.741217852,0.047619048,0.089965398,0.844193459,0.021978022,0.042857143,0.915499628,0.021978022,0.043010753,0.936845779,0.285714286,0.527472527,0.147961092,0.370656371
198,生活_生病,0.950966387,229,0.183406114,0.280936455,0.488811523,0.139737991,0.230215827,0.597295523,0.126637555,0.214814815,0.671391726,0.109170306,0.190839695,0.712227166,0.104803493,0.185328185,0.738585889,0.004366812,0.008695652,0.961501002,0.004366812,0.008695652,0.961501002,0.426829268,0.305676856,0.280412654,0.356234097
57,室内_厨房,0.991535558,293,0.358361775,0.448717949,0.631709039,0.273037543,0.384615385,0.728806317,0.136518771,0.228571429,0.88355571,0.102389078,0.18018018,0.910924196,0.075085324,0.1375,0.946795583,0.064846416,0.120634921,0.955869019,0.061433447,0.115015974,0.957679749,0.448660714,0.686006826,0.249199585,0.542510121
95,截图录屏_微博截图录屏,0.928006144,120,0.2,0.3,0.462964833,0.158333333,0.255033557,0.542979062,0.1,0.175182482,0.64682734,0.1,0.176470588,0.656189144,0.041666667,0.079365079,0.809902012,0.008333333,0.016528926,0.936125159,0.008333333,0.016528926,0.936125159,0.443181818,0.325,0.257884966,0.375
180,灵异恐怖_恐怖惊悚,0.980079108,246,0.24796748,0.351585014,0.521014988,0.227642276,0.337349398,0.558941245,0.146341463,0.242424242,0.705109179,0.097560976,0.172661871,0.830424488,0.097560976,0.173913043,0.850196362,0.06097561,0.114068441,0.908394814,0.06097561,0.114503817,0.915413141,0.446564885,0.475609756,0.198267531,0.460629921
67,室外_广场,0.980666102,72,0.208333333,0.309278351,0.680305362,0.138888889,0.229885057,0.80600673,0.097222222,0.170731707,0.88756299,0.097222222,0.172839506,0.893483937,0.083333333,0.151898734,0.89660275,0.083333333,0.151898734,0.89660275,0.083333333,0.153846154,0.900934339,0.397727273,0.486111111,0.177037211,0.4375
238,考试_高考,0.960391999,97,0.432989691,0.502994012,0.299804986,0.360824742,0.466666667,0.422048271,0.298969072,0.420289855,0.513032377,0.092783505,0.165137615,0.874650538,0.092783505,0.166666667,0.875660419,0.030927835,0.06,0.970426798,0.030927835,0.06,0.970426798,0.521276596,0.505154639,0.22576835,0.513089005
141,最右特色玩法_好物推荐,0.951107742,251,0.171314741,0.267080745,0.430434287,0.171314741,0.271293375,0.448188752,0.139442231,0.23255814,0.518967271,0.091633466,0.163701068,0.685290277,0.075697211,0.138686131,0.739894807,0.035856574,0.068965517,0.924398243,0.035856574,0.068965517,0.924398243,0.367924528,0.310756972,0.183688601,0.336933045
108,手办_高达,0.992176135,11,0.272727273,0.375,0.291292667,0.181818182,0.285714286,0.38470161,0.090909091,0.166666667,0.67489922,0.090909091,0.166666667,0.67489922,0.090909091,0.166666667,0.67489922,0.090909091,0.166666667,0.67489922,0.090909091,0.166666667,0.67489922,0.315789474,0.545454545,0.023160707,0.4
14,办公场所_医院,0.987354086,210,0.233333333,0.336769759,0.682413518,0.228571429,0.339222615,0.715272784,0.180952381,0.287878788,0.777039409,0.09047619,0.161702128,0.881661296,0.066666667,0.123348018,0.920059025,0.066666667,0.123893805,0.920776188,0.019047619,0.037383178,0.964497805,0.520958084,0.414285714,0.387044644,0.461538462
260,自然_山川,0.987265366,100,0.14,0.227642276,0.767937064,0.14,0.231404959,0.78387028,0.11,0.191304348,0.841020942,0.09,0.160714286,0.869996428,0.09,0.162162162,0.871465385,0.01,0.01980198,0.984279871,0.01,0.01980198,0.984279871,0.335766423,0.46,0.179389293,0.388185654
51,娱乐场所_酒吧,0.991219418,71,0.253521127,0.356435644,0.382948637,0.211267606,0.319148936,0.450519383,0.197183099,0.307692308,0.515870094,0.084507042,0.151898734,0.653307617,0.056338028,0.105263158,0.736649573,0.056338028,0.106666667,0.745549679,0.056338028,0.106666667,0.745549679,0.521126761,0.521126761,0.135393736,0.521126761
13,办公场所_公司,0.986135766,154,0.318181818,0.417021277,0.483960867,0.272727273,0.385321101,0.524267435,0.272727273,0.392523364,0.545522451,0.084415584,0.152046784,0.881747663,0.077922078,0.142011834,0.90441817,0.058441558,0.110429448,0.925337791,0.058441558,0.110429448,0.925337791,0.480225989,0.551948052,0.169416453,0.513595166
249,职业身份_建筑工人,0.991103054,76,0.368421053,0.459016393,0.585745692,0.118421053,0.202247191,0.839739323,0.105263158,0.183908046,0.863860428,0.078947368,0.142857143,0.876927435,0.065789474,0.12195122,0.913083851,0.026315789,0.051282051,0.994820714,0.026315789,0.051282051,0.994820714,0.507246377,0.460526316,0.319464664,0.482758621
58,室内_客厅,0.980381404,118,0.101694915,0.173913043,0.877855837,0.101694915,0.176470588,0.899522543,0.084745763,0.151515152,0.927878916,0.076271186,0.138461538,0.937645793,0.016949153,0.033333333,0.981331468,0.016949153,0.033333333,0.981331468,0.016949153,0.033333333,0.981331468,0.361111111,0.330508475,0.378471254,0.345132743
62,室外_动物园,0.995290568,92,0.391304348,0.473684211,0.314526916,0.304347826,0.414814815,0.439545542,0.217391304,0.333333333,0.705443263,0.076086957,0.138613861,0.865781248,0.065217391,0.121212121,0.887370527,0.065217391,0.121212121,0.887370527,0.010869565,0.021505376,0.992489219,0.401197605,0.72826087,0.059889994,0.517374517
30,医疗_药物,0.935847216,53,0.094339623,0.163934426,0.388486058,0.094339623,0.166666667,0.396184802,0.094339623,0.166666667,0.396184802,0.075471698,0.137931034,0.459279358,0.075471698,0.137931034,0.459279358,0.075471698,0.140350877,0.470532477,0.075471698,0.140350877,0.470532477,0.571428571,0.150943396,0.246191472,0.23880597
226,美食_奶茶,0.971349139,83,0.144578313,0.233009709,0.313737929,0.108433735,0.1875,0.406485587,0.084337349,0.150537634,0.455105782,0.072289157,0.131868132,0.481327325,0.072289157,0.133333333,0.509070039,0.072289157,0.133333333,0.509070039,0.024096386,0.047058824,0.680154145,0.285714286,0.481927711,0.035823355,0.358744395
60,室外_公园,0.973399842,58,0.103448276,0.176470588,0.309685469,0.068965517,0.125,0.570523918,0.068965517,0.126984127,0.61331898,0.068965517,0.126984127,0.61331898,0.068965517,0.126984127,0.61331898,0.068965517,0.129032258,0.656549275,0.068965517,0.129032258,0.656549275,0.322580645,0.172413793,0.126983647,0.224719101
18,动植物_多肉盆栽,0.924261979,15,0.133333333,0.222222222,0.528622985,0.133333333,0.222222222,0.528622985,0.066666667,0.125,0.714375734,0.066666667,0.125,0.714375734,0.066666667,0.125,0.714375734,0.066666667,0.125,0.714375734,0.066666667,0.125,0.714375734,0.375,0.2,0.28018051,0.260869565
117,教程解说_评测,0.989226611,48,0.0625,0.113207547,0.511999369,0.0625,0.115384615,0.531578779,0.0625,0.115384615,0.531578779,0.0625,0.115384615,0.531578779,0.020833333,0.040816327,0.699921012,0.020833333,0.040816327,0.699921012,0.020833333,0.040816327,0.699921012,0.159722222,0.479166667,0.062755809,0.239583333
215,社会关系_老板员工,0.917258979,71,0.056338028,0.103896104,0.526356339,0.056338028,0.103896104,0.526356339,0.056338028,0.105263158,0.545233011,0.056338028,0.105263158,0.545233011,0.056338028,0.105263158,0.545233011,0.056338028,0.106666667,0.579722166,0.056338028,0.106666667,0.579722166,0.3,0.211267606,0.118400357,0.247933884
191,特色专题_奥运会,0.925206781,18,0.111111111,0.19047619,0.864920437,0.111111111,0.19047619,0.864920437,0.055555556,0.105263158,0.91981703,0.055555556,0.105263158,0.91981703,0.055555556,0.105263158,0.91981703,0.055555556,0.105263158,0.91981703,0.055555556,0.105263158,0.91981703,0.357142857,0.277777778,0.495363793,0.3125
248,职业身份_工厂技工,0.987474133,77,0.116883117,0.195652174,0.704260707,0.116883117,0.2,0.725466967,0.064935065,0.119047619,0.824008286,0.051948052,0.097560976,0.886627495,0.051948052,0.097560976,0.886627495,0.025974026,0.050632911,0.942741156,0.025974026,0.050632911,0.942741156,0.360655738,0.571428571,0.089046491,0.442211055
247,职业身份_小商贩,0.984424991,242,0.355371901,0.446753247,0.605859756,0.309917355,0.420168067,0.694633782,0.05785124,0.106870229,0.944235623,0.049586777,0.093023256,0.954802573,0.049586777,0.093385214,0.954802692,0.012396694,0.024489796,0.973012447,0.012396694,0.024489796,0.973012447,0.485507246,0.553719008,0.298874599,0.517374517
210,社会关系_同学朋友,0.946978319,1264,0.288765823,0.389957265,0.411862254,0.234177215,0.344386271,0.524068594,0.149525316,0.246414602,0.693039954,0.049050633,0.092124814,0.918303013,0.044303797,0.083958021,0.932182133,0.029272152,0.05661821,0.962901354,0.026107595,0.050769231,0.972237587,0.435719249,0.496044304,0.159886107,0.463928968
140,最右特色玩法_声控,0.9320676,184,0.163043478,0.256410256,0.576684475,0.163043478,0.260869565,0.603384137,0.114130435,0.196261682,0.698457003,0.048913043,0.091836735,0.88145119,0,0,0.995425165,0,0,0.995425165,0,0,0.995425165,0.304568528,0.326086957,0.189130782,0.31496063
126,文化_中国习俗,0.855140282,82,0.06097561,0.111111111,0.423562944,0.06097561,0.112359551,0.467434108,0.06097561,0.112359551,0.467434108,0.048780488,0.091954023,0.713558197,0.048780488,0.091954023,0.713558197,0.036585366,0.070588235,0.854870975,0.036585366,0.070588235,0.854870975,0.22972973,0.207317073,0.058464037,0.217948718
155,机械载具_卡车,0.993855379,63,0.047619048,0.088235294,0.778445482,0.047619048,0.089552239,0.794384718,0.047619048,0.089552239,0.794384718,0.047619048,0.089552239,0.794384718,0.031746032,0.061538462,0.895883441,0.031746032,0.061538462,0.895883441,0.031746032,0.061538462,0.895883441,0.342465753,0.396825397,0.106342686,0.367647059
298,音乐_听歌,0.946345124,509,0.186640472,0.284857571,0.608394027,0.16502947,0.263322884,0.676008701,0.104125737,0.181506849,0.824480057,0.047151277,0.088724584,0.931582689,0.029469548,0.056925996,0.962261736,0.025540275,0.049618321,0.972268939,0.025540275,0.049713193,0.9740417,0.330960854,0.365422397,0.189726998,0.347338936
137,最右特色玩法_p图,0.881982421,45,0.044444444,0.083333333,0.178998128,0.044444444,0.083333333,0.178998128,0.044444444,0.085106383,0.21945487,0.044444444,0.085106383,0.21945487,0.044444444,0.085106383,0.21945487,0.044444444,0.085106383,0.21945487,0.044444444,0.085106383,0.21945487,0.130434783,0.066666667,0.08181248,0.088235294
77,工作_欠薪讨薪,0.918345758,23,0.043478261,0.083333333,0.133097216,0.043478261,0.083333333,0.133097216,0.043478261,0.083333333,0.133097216,0.043478261,0.083333333,0.133097216,0.043478261,0.083333333,0.133097216,0.043478261,0.083333333,0.133097216,0.043478261,0.083333333,0.133097216,0.4,0.086956522,0.103800023,0.142857143
192,特色专题_爱党爱国,0.954376506,92,0.054347826,0.1,0.716012061,0.054347826,0.101010101,0.718020141,0.054347826,0.101010101,0.718020141,0.043478261,0.082474227,0.733716846,0.043478261,0.082474227,0.733716846,0,0,0.918560624,0,0,0.918560624,0.205357143,0.25,0.156155308,0.225490196
0,事故_交通事故,0.980872425,218,0.155963303,0.248175182,0.569175899,0.146788991,0.239700375,0.59736681,0.064220183,0.117647059,0.759517014,0.036697248,0.070175439,0.820590854,0.036697248,0.070175439,0.820590854,0.036697248,0.070484581,0.824396014,0.032110092,0.062222222,0.865971863,0.434285714,0.348623853,0.264453476,0.386768448
184,特殊节日_过年过节,0.870717271,345,0.060869565,0.110526316,0.563898385,0.043478261,0.081521739,0.662802637,0.04057971,0.076712329,0.696477532,0.034782609,0.066481994,0.739728332,0.034782609,0.066666667,0.778228998,0,0,0.992173672,0,0,0.992173672,0.317610063,0.292753623,0.099217495,0.304675716
42,四坑_lolita,0.994730832,58,0.086206897,0.151515152,0.841171086,0.086206897,0.153846154,0.843157887,0.086206897,0.153846154,0.843157887,0.034482759,0.066666667,0.931356132,0.034482759,0.066666667,0.931356132,0.034482759,0.066666667,0.931356132,0.034482759,0.066666667,0.931356132,0.380952381,0.551724138,0.1484866,0.450704225
197,生活_旅行,0.972172483,174,0.086206897,0.150753769,0.738026559,0.040229885,0.076086957,0.866953015,0.040229885,0.076086957,0.866953015,0.034482759,0.065934066,0.887085021,0.034482759,0.066298343,0.89252609,0.034482759,0.066298343,0.89252609,0.028735632,0.055865922,0.93379724,0.359813084,0.442528736,0.198141206,0.396907216
203,生活_追星,0.960335143,736,0.100543478,0.172293364,0.63673687,0.070652174,0.12745098,0.707861066,0.038043478,0.072164948,0.791849911,0.033967391,0.065019506,0.814121544,0.033967391,0.065189048,0.815455616,0.032608696,0.062827225,0.818992913,0.005434783,0.010810811,0.938611686,0.350574713,0.497282609,0.117101789,0.411235955
63,室外_地标建筑,0.974173252,30,0.033333333,0.064516129,0.550580621,0.033333333,0.064516129,0.550580621,0.033333333,0.064516129,0.550580621,0.033333333,0.064516129,0.550580621,0.033333333,0.064516129,0.550580621,0.033333333,0.064516129,0.550580621,0.033333333,0.064516129,0.550580621,0.333333333,0.233333333,0.203344805,0.274509804
211,社会关系_师生,0.979695552,206,0.101941748,0.174273859,0.878730178,0.067961165,0.123348018,0.927382648,0.038834951,0.073732719,0.963229299,0.029126214,0.056074766,0.970228612,0.029126214,0.056338028,0.971866131,0.029126214,0.056338028,0.971866131,0.009708738,0.019230769,0.984129071,0.334545455,0.446601942,0.199053407,0.382536383
52,季节天气_夏天,0.993056409,107,0.299065421,0.4,0.61491549,0.121495327,0.204724409,0.799739063,0.112149533,0.193548387,0.8158741,0.028037383,0.054054054,0.900483608,0.028037383,0.054545455,0.921220779,0.028037383,0.054545455,0.921220779,0.028037383,0.054545455,0.921220779,0.414285714,0.813084112,0.06655628,0.548895899
9,兴趣爱好_摄影,0.923305552,166,0.030120482,0.057471264,0.759981513,0.030120482,0.057803468,0.788260162,0.030120482,0.057803468,0.788260162,0.024096386,0.046783626,0.821613312,0.024096386,0.046783626,0.821613312,0.012048193,0.023809524,0.916268826,0.012048193,0.023809524,0.916268826,0.21875,0.295180723,0.105998516,0.251282051
89,情感_友情,0.962310889,43,0.046511628,0.086956522,0.554118395,0.046511628,0.086956522,0.554118395,0.023255814,0.045454545,0.597382367,0.023255814,0.045454545,0.597382367,0.023255814,0.045454545,0.597382367,0.023255814,0.045454545,0.597382367,0.023255814,0.045454545,0.597382367,0.304347826,0.162790698,0.178866561,0.212121212
106,房产家居_房源分享,0.953457346,43,0.046511628,0.086956522,0.666983306,0.046511628,0.086956522,0.666983306,0.023255814,0.045454545,0.859950244,0.023255814,0.045454545,0.859950244,0.023255814,0.045454545,0.859950244,0.023255814,0.045454545,0.859950244,0.023255814,0.045454545,0.859950244,0.225352113,0.372093023,0.043149558,0.280701754
88,情感_亲情,0.969826935,142,0.021126761,0.040816327,0.892570138,0.021126761,0.04109589,0.910248995,0.021126761,0.04109589,0.910248995,0.021126761,0.04109589,0.910248995,0,0,0.972028196,0,0,0.972028196,0,0,0.972028196,0.278688525,0.35915493,0.155524512,0.313846154
55,室内_卧室,0.97746123,248,0.080645161,0.142348754,0.877325654,0.068548387,0.124087591,0.888207853,0.064516129,0.118518519,0.907536328,0.016129032,0.031620553,0.970552325,0.016129032,0.031620553,0.970552325,0.008064516,0.016,0.984679878,0.008064516,0.016,0.984679878,0.328690808,0.475806452,0.257598863,0.388797364
91,情绪_正向情绪,0.937020941,937,0.027748132,0.053061224,0.801779866,0.025613661,0.049331963,0.816691756,0.025613661,0.049433574,0.822815835,0.016008538,0.031347962,0.859949887,0.016008538,0.031413613,0.87238282,0.010672359,0.021097046,0.89181453,0.010672359,0.021097046,0.89181453,0.322553897,0.415154749,0.252140435,0.363042464
142,最右特色玩法_揭露骗子,0.919864252,73,0.01369863,0.027027027,0.483774215,0.01369863,0.027027027,0.483774215,0.01369863,0.027027027,0.483774215,0.01369863,0.027027027,0.483774215,0.01369863,0.027027027,0.483774215,0.01369863,0.027027027,0.483774215,0.01369863,0.027027027,0.483774215,0.137931034,0.109589041,0.106087253,0.122137405
263,自然_树木森林,0.987500228,77,0.077922078,0.137931034,0.929785132,0.077922078,0.139534884,0.932614267,0.012987013,0.025641026,0.98609215,0.012987013,0.025641026,0.98609215,0.012987013,0.025641026,0.98609215,0.012987013,0.025641026,0.98609215,0.012987013,0.025641026,0.98609215,0.344827586,0.38961039,0.276712742,0.365853659
194,生活_交友,0.89097209,155,0.012903226,0.025316456,0.465402842,0.012903226,0.025316456,0.465402842,0.012903226,0.025477707,0.514021814,0.012903226,0.025477707,0.514021814,0.012903226,0.025477707,0.514021814,0.012903226,0.025477707,0.514021814,0.012903226,0.025477707,0.514021814,0.110215054,0.264516129,0.056770485,0.155597723
128,文化_民间艺术,0.958921843,78,0.012820513,0.025316456,0.865028083,0.012820513,0.025316456,0.865028083,0.012820513,0.025316456,0.865028083,0.012820513,0.025316456,0.865028083,0.012820513,0.025316456,0.865028083,0.012820513,0.025316456,0.865028083,0.012820513,0.025316456,0.865028083,0.238938053,0.346153846,0.113057345,0.282722513
187,特殊风格_土味,0.947036063,83,0.024096386,0.046511628,0.816792667,0.024096386,0.046511628,0.816792667,0.012048193,0.023809524,0.855071008,0.012048193,0.023809524,0.855071008,0.012048193,0.023809524,0.855071008,0.012048193,0.023809524,0.855071008,0.012048193,0.023809524,0.855071008,0.144186047,0.373493976,0.115801954,0.208053691
280,软件软体_其他,0.956089665,260,0.057692308,0.105263158,0.803936303,0.038461538,0.072727273,0.857802093,0.011538462,0.022727273,0.916953623,0.011538462,0.022727273,0.916953623,0,0,0.958836019,0,0,0.958836019,0,0,0.958836019,0.378486056,0.365384615,0.268474089,0.371819961
223,科技_智能硬件-其他智能硬件,0.956988311,96,0.010416667,0.020618557,0.956018925,0.010416667,0.020618557,0.956018925,0.010416667,0.020618557,0.956018925,0.010416667,0.020618557,0.956018925,0.010416667,0.020618557,0.956018925,0.010416667,0.020618557,0.956018925,0.010416667,0.020618557,0.956018925,0.222222222,0.270833333,0.11763561,0.244131455
195,生活_其他,0.831343983,7787,0.124438166,0.206126356,0.645984173,0.070245281,0.126796477,0.731464028,0.016694491,0.03261415,0.855205774,0.010145114,0.020020274,0.881250143,0.00770515,0.015263292,0.893806696,0.001284192,0.00256476,0.93915844,0.001284192,0.00256476,0.93915844,0.387119045,0.504045204,0.273487704,0.437911414
114,搞笑_翻车现场,0.909368263,208,0.009615385,0.018957346,0.763599217,0.009615385,0.018957346,0.763599217,0.004807692,0.009569378,0.777784705,0.004807692,0.009569378,0.777784705,0.004807692,0.009569378,0.777784705,0.004807692,0.009569378,0.777784705,0.004807692,0.009569378,0.777784705,0.13164557,0.25,0.102716728,0.172470978
278,资讯_社会新闻-正向,0.958584879,813,0.002460025,0.004901961,0.859795988,0.002460025,0.004901961,0.859795988,0.002460025,0.004907975,0.877421081,0.002460025,0.004907975,0.877421081,0.002460025,0.004907975,0.877421081,0.002460025,0.004907975,0.877421081,0.002460025,0.004907975,0.877421081,0.253012048,0.413284133,0.138520414,0.313872022
1,事故_自然灾害,0.938227308,155,0,0,0.835881948,0,0,0.835881948,0,0,0.835881948,0,0,0.835881948,0,0,0.835881948,0,0,0.835881948,0,0,0.835881948,0.125806452,0.251612903,0.025076459,0.167741935
7,兴趣爱好_写作,0.971191808,25,0,0,0.421834141,0,0,0.421834141,0,0,0.421834141,0,0,0.421834141,0,0,0.421834141,0,0,0.421834141,0,0,0.421834141,0.051282051,0.16,0.021091709,0.077669903
59,室外_停车场,0.967203949,58,0.155172414,0.246575342,0.312071055,0.155172414,0.253521127,0.36651662,0.137931034,0.231884058,0.537751257,0,0,0.995634615,0,0,0.995634615,0,0,0.995634615,0,0,0.995634615,0.257731959,0.431034483,0.049781731,0.322580645
71,小众人群_孕妇,0.933342658,40,0,0,0.780230522,0,0,0.780230522,0,0,0.780230522,0,0,0.780230522,0,0,0.780230522,0,0,0.780230522,0,0,0.780230522,0.375,0.15,0.34330143,0.214285714
72,小众人群_残疾人,0.939355769,88,0,0,0.360708892,0,0,0.360708892,0,0,0.360708892,0,0,0.360708892,0,0,0.360708892,0,0,0.360708892,0,0,0.360708892,0.090909091,0.193181818,0.032463801,0.123636364
73,工作_创业,0.881966418,22,0,0,0.401308209,0,0,0.401308209,0,0,0.401308209,0,0,0.401308209,0,0,0.401308209,0,0,0.401308209,0,0,0.401308209,0.333333333,0.045454545,0.056183149,0.08
75,工作_吐槽碎碎念,0.938286826,360,0,0,0.994164765,0,0,0.994164765,0,0,0.994164765,0,0,0.994164765,0,0,0.994164765,0,0,0.994164765,0,0,0.994164765,0.198684211,0.419444444,0.169008335,0.269642857
79,工作_职业规划,0.966219438,16,0,0,0.443494022,0,0,0.443494022,0,0,0.443494022,0,0,0.443494022,0,0,0.443494022,0,0,0.443494022,0,0,0.443494022,0.047619048,0.0625,0.022174701,0.054054054
92,情绪_负向情绪,0.894923215,507,0,0,0.922250688,0,0,0.922250688,0,0,0.922250688,0,0,0.922250688,0,0,0.922250688,0,0,0.922250688,0,0,0.922250688,0.163533835,0.171597633,0.230562735,0.16746872
94,截图录屏_小红书截图录屏,0.828575526,20,0,0,0.454541355,0,0,0.454541355,0,0,0.454541355,0,0,0.454541355,0,0,0.454541355,0,0,0.454541355,0,0,0.454541355,0.25,0.05,0.059090377,0.083333333
98,截图录屏_知乎截图录屏,0.883568469,4,0,0,0.211055145,0,0,0.211055145,0,0,0.211055145,0,0,0.211055145,0,0,0.211055145,0,0,0.211055145,0,0,0.211055145,0.166666667,0.25,0.033768823,0.2
105,房产家居_室内改造,0.984670294,64,0.390625,0.476190476,0.39349705,0.390625,0.490196078,0.429859489,0,0,0.997858226,0,0,0.997858226,0,0,0.997858226,0,0,0.997858226,0,0,0.997858226,0.657894737,0.390625,0.43905762,0.490196078
110,搞笑_恶搞,0.882411136,58,0,0,0.884004056,0,0,0.884004056,0,0,0.884004056,0,0,0.884004056,0,0,0.884004056,0,0,0.884004056,0,0,0.884004056,0.263157895,0.172413793,0.167960771,0.208333333
113,搞笑_整蛊,0.941128785,84,0,0,0.92069298,0,0,0.92069298,0,0,0.92069298,0,0,0.92069298,0,0,0.92069298,0,0,0.92069298,0,0,0.92069298,0.20754717,0.261904762,0.119690088,0.231578947
119,教育教学_知识点解题-数学,0.983203377,16,0,0,0.803357363,0,0,0.803357363,0,0,0.803357363,0,0,0.803357363,0,0,0.803357363,0,0,0.803357363,0,0,0.803357363,0.24137931,0.4375,0.056235015,0.311111111
122,教育教学_知识点解题-语文,0.961110633,9,0,0,0.080871806,0,0,0.080871806,0,0,0.080871806,0,0,0.080871806,0,0,0.080871806,0,0,0.080871806,0,0,0.080871806,0.011235955,0.333333333,0.001617436,0.02173913
123,教育教学_职场技能-方言教学,0.865414893,69,0,0,0.265707463,0,0,0.265707463,0,0,0.265707463,0,0,0.265707463,0,0,0.265707463,0,0,0.265707463,0,0,0.265707463,0.033472803,0.115942029,0.007971225,0.051948052
127,文化_文学作品,0.943050659,110,0.027272727,0.052173913,0.364992499,0,0,0.407305658,0,0,0.407305658,0,0,0.407305658,0,0,0.407305658,0,0,0.407305658,0,0,0.407305658,0.275862069,0.145454545,0.065168905,0.19047619
139,最右特色玩法_右龄分享,0.940934314,10,0,0,0.079592511,0,0,0.079592511,0,0,0.079592511,0,0,0.079592511,0,0,0.079592511,0,0,0.079592511,0,0,0.079592511,0.033707865,0.3,0.006367401,0.060606061
143,最右特色玩法_智力解题,0.982586613,9,0,0,0.113523558,0,0,0.113523558,0,0,0.113523558,0,0,0.113523558,0,0,0.113523558,0,0,0.113523558,0,0,0.113523558,0.15,0.333333333,0.018163769,0.206896552
153,未定义_未定义,0.804063429,27,0,0,0.420548975,0,0,0.420548975,0,0,0.420548975,0,0,0.420548975,0,0,0.420548975,0,0,0.420548975,0,0,0.420548975,0.039215686,0.074074074,0.092520857,0.051282051
159,机械载具_电动车,0.980071348,220,0.040909091,0.076595745,0.873453677,0.018181818,0.03539823,0.91280973,0,0,0.973640501,0,0,0.973640501,0,0,0.973640501,0,0,0.973640501,0,0,0.973640501,0.420212766,0.359090909,0.243410125,0.387254902
181,灵异恐怖_灵异,0.944882064,24,0,0,0.224147141,0,0,0.224147141,0,0,0.224147141,0,0,0.224147141,0,0,0.224147141,0,0,0.224147141,0,0,0.224147141,0.057142857,0.166666667,0.029139128,0.085106383
182,特殊节日_情人节,0.827755458,85,0.023529412,0.045454545,0.934261382,0.023529412,0.045454545,0.934261382,0,0,0.962229371,0,0,0.962229371,0,0,0.962229371,0,0,0.962229371,0,0,0.962229371,0.266666667,0.094117647,0.105845232,0.139130435
186,特殊风格_南方北方,0.946347317,38,0.342105263,0.440677966,0.124746211,0,0,0.927198946,0,0,0.927198946,0,0,0.927198946,0,0,0.927198946,0,0,0.927198946,0,0,0.927198946,0.586206897,0.447368421,0.074175916,0.507462687
188,特殊风格_特效,0.874555359,186,0,0,0.872501194,0,0,0.872501194,0,0,0.872501194,0,0,0.872501194,0,0,0.872501194,0,0,0.872501194,0,0,0.872501194,0.132183908,0.247311828,0.130875199,0.172284644
190,特殊风格_鬼畜,0.933284498,54,0,0,0.886477292,0,0,0.886477292,0,0,0.886477292,0,0,0.886477292,0,0,0.886477292,0,0,0.886477292,0,0,0.886477292,0.076388889,0.203703704,0.035459092,0.111111111
196,生活_寻人启事,0.914914595,24,0,0,0.197658747,0,0,0.197658747,0,0,0.197658747,0,0,0.197658747,0,0,0.197658747,0,0,0.197658747,0,0,0.197658747,0.1,0.083333333,0.029648812,0.090909091
200,生活_相亲,0.882282231,91,0.043956044,0.082474227,0.379004836,0.043956044,0.082474227,0.379004836,0,0,0.890958369,0,0,0.890958369,0,0,0.890958369,0,0,0.890958369,0,0,0.890958369,0.211538462,0.120879121,0.106915047,0.153846154
206,知识科普_历史解读,0.970246674,92,0.02173913,0.042105263,0.664599597,0.02173913,0.042105263,0.664599597,0,0,0.861469626,0,0,0.861469626,0,0,0.861469626,0,0,0.861469626,0,0,0.861469626,0.38028169,0.293478261,0.094761659,0.331288344
209,社会关系_同事工友,0.94038187,48,0,0,0.920450032,0,0,0.920450032,0,0,0.920450032,0,0,0.920450032,0,0,0.920450032,0,0,0.920450032,0,0,0.920450032,0.125,0.229166667,0.046022502,0.161764706
225,科技_智能硬件-鼠标键盘,0.992908623,13,0.461538462,0.52173913,0.428824931,0,0,0.884325206,0,0,0.884325206,0,0,0.884325206,0,0,0.884325206,0,0,0.884325206,0,0,0.884325206,0.545454545,0.461538462,0.4244761,0.5
232,考试_其他考试,0.952266252,56,0,0,0.888168097,0,0,0.888168097,0,0,0.888168097,0,0,0.888168097,0,0,0.888168097,0,0,0.888168097,0,0,0.888168097,0.255319149,0.214285714,0.222042027,0.233009709
234,考试_教资,0.999254438,5,0,0,0.193181261,0,0,0.193181261,0,0,0.193181261,0,0,0.193181261,0,0,0.193181261,0,0,0.193181261,0,0,0.193181261,0.153846154,0.4,0.021249939,0.222222222
235,考试_晒成绩,0.989832273,13,0,0,0.925228477,0,0,0.925228477,0,0,0.925228477,0,0,0.925228477,0,0,0.925228477,0,0,0.925228477,0,0,0.925228477,0.5,0.076923077,0.740182781,0.133333333
236,考试_考研,0.962417856,6,0,0,0.282942474,0,0,0.282942474,0,0,0.282942474,0,0,0.282942474,0,0,0.282942474,0,0,0.282942474,0,0,0.282942474,0.031746032,0.333333333,0.019805973,0.057971014
240,职业身份_其他,0.915065312,60,0,0,0.42599982,0,0,0.42599982,0,0,0.42599982,0,0,0.42599982,0,0,0.42599982,0,0,0.42599982,0,0,0.42599982,0.2,0.033333333,0.208739912,0.057142857
243,职业身份_司机代驾,0.990596563,138,0.065217391,0.117647059,0.817087293,0.028985507,0.055555556,0.898956776,0,0,0.95562923,0,0,0.95562923,0,0,0.95562923,0,0,0.95562923,0,0,0.95562923,0.383333333,0.333333333,0.258019892,0.356589147
267,财经_股票基金,0.923533517,15,0,0,0.1174573,0,0,0.1174573,0,0,0.1174573,0,0,0.1174573,0,0,0.1174573,0,0,0.1174573,0,0,0.1174573,0.033333333,0.2,0.01174573,0.057142857
269,资源站_头像,0.940804367,15,0,0,0.123226911,0,0,0.123226911,0,0,0.123226911,0,0,0.123226911,0,0,0.123226911,0,0,0.123226911,0,0,0.123226911,0.25,0.066666667,0.064077994,0.105263158
271,资源站_文案妙句,0.93982034,98,0.030612245,0.058252427,0.383141369,0,0,0.863944411,0,0,0.863944411,0,0,0.863944411,0,0,0.863944411,0,0,0.863944411,0,0,0.863944411,0.172413793,0.153061224,0.10367333,0.162162162
273,资源站_网名,0.924786763,21,0,0,0.52181077,0,0,0.52181077,0,0,0.52181077,0,0,0.52181077,0,0,0.52181077,0,0,0.52181077,0,0,0.52181077,0.235294118,0.19047619,0.026090539,0.210526316
274,资源站_美化包,0.977569808,14,0,0,0.274181932,0,0,0.274181932,0,0,0.274181932,0,0,0.274181932,0,0,0.274181932,0,0,0.274181932,0,0,0.274181932,0.1875,0.214285714,0.057578206,0.2
277,资讯_新闻时政,0.970301246,153,0,0,0.725820243,0,0,0.725820243,0,0,0.725820243,0,0,0.725820243,0,0,0.725820243,0,0,0.725820243,0,0,0.725820243,0.133495146,0.359477124,0.02903281,0.194690265
281,软件软体_微信公众号,0.878844794,3,0,0,0.021474939,0,0,0.021474939,0,0,0.021474939,0,0,0.021474939,0,0,0.021474939,0,0,0.021474939,0,0,0.021474939,4.30E-05,1,3.64E-11,8.60E-05
